data;kod;ean;cena allegro
19.09.2024 21:27:47; Ti-LHF287XN; 5901741459568; 101.53
19.09.2024 21:27:47; Ti-LB1030N; 5901741451449; 21.09
19.09.2024 21:27:47; AS-LH2612AN; 5901741400133; 72.98
19.09.2024 21:27:47; AS-LH255A; 5901741400010; 221.09
19.09.2024 21:27:47; AS-LH278AN; 5901741400461; 73.95
19.09.2024 21:27:47; AS-LH505XN; 5901741400065; 116.95
19.09.2024 21:27:47; AS-LH2610A; 5901741400096; 138.99
19.09.2024 21:27:47; AS-LH6511XN; 5901741400126; 194.66
19.09.2024 21:27:47; AS-LH7115A; 5901741400188; 111.65
19.09.2024 21:27:47; AS-LH4127A; 5901741400249; 169.96
19.09.2024 21:27:47; AS-LH4127X; 5901741400256; 182.11
19.09.2024 21:27:47; AS-LH1338A; 5901741400300; 202.87
19.09.2024 21:27:47; AS-LH5942X; 5901741400324; 341.94
19.09.2024 21:27:47; AS-LH92274A; 5901741400454; 131.18
19.09.2024 21:27:47; AS-LH7553XN; 5901741400409; 124.73
19.09.2024 21:27:47; AS-LH4092A; 5901741400522; 86.91
19.09.2024 21:27:47; AS-LH6001A; 5901741400584; 198.95
19.09.2024 21:27:47; AS-LH6003A; 5901741400591; 235.40
19.09.2024 21:27:47; AS-LH6002A; 5901741400607; 235.40
19.09.2024 21:27:47; AS-LH7561A; 5901741400744; 192.57
19.09.2024 21:27:47; AS-LH7563A; 5901741400751; 176.69
19.09.2024 21:27:47; AS-LH7562A; 5901741400768; 181.09
19.09.2024 21:27:47; AS-LH250A; 5901741400898; 270.11
19.09.2024 21:27:47; AS-LH251A; 5901741400911; 254.94
19.09.2024 21:27:47; AS-LH253A; 5901741400935; 254.94
19.09.2024 21:27:47; AS-LH252A; 5901741400959; 254.94
19.09.2024 21:27:47; AS-LH6470A; 5901741400973; 316.66
19.09.2024 21:27:47; AS-LH6471A; 5901741400980; 350.95
19.09.2024 21:27:47; AS-LH6473A; 5901741400997; 299.26
19.09.2024 21:27:47; AS-LH6472A; 5901741401000; 299.26
19.09.2024 21:27:47; AS-LH7581A; 5901741401048; 197.18
19.09.2024 21:27:47; AS-LH7583A; 5901741401055; 198.03
19.09.2024 21:27:47; AS-LH7582A; 5901741401062; 197.18
19.09.2024 21:27:47; AS-LH9720A; 5901741401079; 253.56
19.09.2024 21:27:47; AS-LH9723A; 5901741401093; 205.08
19.09.2024 21:27:47; AS-LH9722A; 5901741401109; 214.46
19.09.2024 21:27:47; AS-LH5950A; 5901741401116; 516.63
19.09.2024 21:27:47; AS-LH5953A; 5901741401130; 512.10
19.09.2024 21:27:47; AS-LH5952A; 5901741401147; 511.95
19.09.2024 21:27:47; AS-LH9730A; 5901741401154; 396.71
19.09.2024 21:27:47; AS-LH9731A; 5901741401161; 369.36
19.09.2024 21:27:47; AS-LH9733A; 5901741401178; 369.36
19.09.2024 21:27:47; AS-LH9732A; 5901741401185; 369.36
19.09.2024 21:27:47; AS-LH400A; 5901741401390; 300.93
19.09.2024 21:27:47; AS-LH401A; 5901741401406; 653.90
19.09.2024 21:27:47; AS-LH403A; 5901741401413; 541.79
19.09.2024 21:27:47; AS-LH402A; 5901741401420; 541.06
19.09.2024 21:27:47; AS-LH3906AN; 5901741400089; 105.08
19.09.2024 21:27:47; AS-LH2624AN; 5901741400232; 90.95
19.09.2024 21:27:47; AS-LH435AN; 5901741400270; 64.95
19.09.2024 21:27:47; AS-LH436AN; 5901741400294; 67.77
19.09.2024 21:27:47; AS-LH4092AN; 5901741400539; 110.65
19.09.2024 21:27:47; AS-LH4096AN; 5901741400553; 139.52
19.09.2024 21:27:47; AS-LH310AN; 5901741400782; 86.85
19.09.2024 21:27:47; AS-LH253AN; 5901741400942; 238.23
19.09.2024 21:27:47; AS-LS1052N; 5901741401857; 105.37
19.09.2024 21:27:47; AS-LC27N; 5901741401819; 103.63
19.09.2024 21:27:47; AS-LC10N; 5901741401826; 79.84
19.09.2024 21:27:47; AS-LC3N; 5901741401833; 52.03
19.09.2024 21:27:47; AS-LS1092N; 5901741401864; 117.16
19.09.2024 21:27:47; AS-LS1710N; 5901741401871; 101.81
19.09.2024 21:27:47; AS-LS1630N; 5901741401901; 135.95
19.09.2024 21:27:47; AS-LS1610N/2010N; 5901741401895; 115.94
19.09.2024 21:27:47; AS-LS205LN; 5901741401925; 132.43
19.09.2024 21:27:47; AS-LS2092N; 5901741401932; 129.04
19.09.2024 21:27:47; AS-LS2250BN; 5901741401956; 170.51
19.09.2024 21:27:47; AS-LS2850SN; 5901741401963; 63.09
19.09.2024 21:27:47; AS-LS4521N; 5901741402038; 129.94
19.09.2024 21:27:47; AS-LS4720; 5901741402052; 192.95
19.09.2024 21:27:47; AS-LS5530AN; 5901741402069; 154.24
19.09.2024 21:27:47; AS-LS1082N; 5901741402076; 112.41
19.09.2024 21:27:47; AS-LS4072BK; 5901741402083; 171.77
19.09.2024 21:27:47; AS-LS4072C; 5901741402090; 189.03
19.09.2024 21:27:47; AS-LS4072M; 5901741402106; 192.50
19.09.2024 21:27:47; AS-LS300C; 5901741402137; 41.59
19.09.2024 21:27:47; AS-LS4092C; 5901741402175; 121.71
19.09.2024 21:27:47; AS-LS4092M; 5901741402182; 201.38
19.09.2024 21:27:47; AS-LS4092Y; 5901741402199; 161.29
19.09.2024 21:27:47; AS-LL460; 5901741402205; 449.95
19.09.2024 21:27:47; AS-LL64016; 5901741402243; 408.95
19.09.2024 21:27:47; AS-LK120; 5901741402328; 69.37
19.09.2024 21:27:47; AS-LK110; 5901741402342; 77.68
19.09.2024 21:27:47; AS-LX013R00625; 5901741402366; 185.39
19.09.2024 21:27:47; AS-LX013R00606; 5901741402397; 84.54
19.09.2024 21:27:47; AS-LM30HH; 5901741402298; 136.20
19.09.2024 21:27:47; AS-LM30CH; 5901741402304; 120.97
19.09.2024 21:27:47; AS-LM306H; 5901741402311; 136.20
19.09.2024 21:27:47; AS-LB2010N; 5901741404384; 76.21
19.09.2024 21:27:47; AS-LM1300; 5901741402274; 258.91
19.09.2024 21:27:47; AS-LH2612XN; 5901741404407; 83.47
19.09.2024 21:27:47; AS-LH5949AN; 5901741400331; 108.85
19.09.2024 21:27:47; AS-LH5949XN; 5901741404391; 123.95
19.09.2024 21:27:47; AS-LS1042N; 5901741404360; 101.87
19.09.2024 21:27:47; AS-LL260N; 5901741404353; 253.03
19.09.2024 21:27:47; AS-LS101N; 5901741404629; 86.05
19.09.2024 21:27:47; AS-LM301H; 5901741404704; 134.41
19.09.2024 21:27:47; AS-LC30N; 5901741401840; 146.02
19.09.2024 21:27:47; AS-LS2092SN; 5901741405114; 103.82
19.09.2024 21:27:47; AS-LS205SN; 5901741405121; 118.95
19.09.2024 21:27:47; AS-LS4200N; 5901741402021; 112.00
19.09.2024 21:27:47; AS-LS1052SN; 5901741404544; 111.95
19.09.2024 21:27:47; AS-LK140; 5901741405237; 84.98
19.09.2024 21:27:47; AS-LH1339A; 5901741405282; 449.65
19.09.2024 21:27:47; AS-LS1210N; 5901741405299; 93.19
19.09.2024 21:27:47; AS-LH2624XN; 5901741405305; 106.90
19.09.2024 21:27:47; AS-LCTYPTN; 5901741405169; 147.95
19.09.2024 21:27:47; AS-LH507BKX; 5901741404827; 399.59
19.09.2024 21:27:47; AS-LH250X; 5901741404537; 259.85
19.09.2024 21:27:47; AS-LL12016N; 5901741404339; 127.42
19.09.2024 21:27:47; AS-LH92298A; 5901741400560; 171.58
19.09.2024 21:27:47; AS-LL250; 5901741404346; 98.50
19.09.2024 21:27:47; AS-LL350N; 5901741405251; 167.65
19.09.2024 21:27:47; AS-LL650; 5901741404315; 710.61
19.09.2024 21:27:47; AS-LH255X; 5901741400027; 245.14
19.09.2024 21:27:47; AS-LKTK1140N; 5901741405770; 91.94
19.09.2024 21:27:47; AS-LK825B; 5901741408405; 244.51
19.09.2024 21:27:47; AS-LK825C; 5901741408412; 317.03
19.09.2024 21:27:47; AS-LK825M; 5901741408429; 268.24
19.09.2024 21:27:47; AS-LK825Y; 5901741408436; 244.51
19.09.2024 21:27:47; AS-LO5100CY; 5901741403172; 108.68
19.09.2024 21:27:47; AS-LO5100MG; 5901741403189; 108.68
19.09.2024 21:27:47; AS-LO5600BK; 5901741405336; 140.98
19.09.2024 21:27:47; AS-LO5600MG; 5901741405350; 217.94
19.09.2024 21:27:47; AS-LO5600YL; 5901741405367; 217.94
19.09.2024 21:27:47; AS-LO5800BK; 5901741405374; 224.92
19.09.2024 21:27:47; AS-LO5800CY; 5901741405381; 147.23
19.09.2024 21:27:47; AS-LO5800MG; 5901741405398; 224.92
19.09.2024 21:27:47; AS-LO5800YL; 5901741405404; 224.92
19.09.2024 21:27:47; AS-LK320N; 5901741405763; 142.50
19.09.2024 21:27:47; AS-LS3470BN; 5901741404551; 184.59
19.09.2024 21:27:47; AS-LH210A; 5901741405596; 221.09
19.09.2024 21:27:47; AS-LH211C; 5901741404759; 174.82
19.09.2024 21:27:47; AS-LH213M; 5901741404773; 174.82
19.09.2024 21:27:47; AS-LH210X; 5901741404742; 187.23
19.09.2024 21:27:47; AS-LH411C; 5901741405657; 245.94
19.09.2024 21:27:47; AS-LH410A; 5901741405640; 211.94
19.09.2024 21:27:47; AS-LH412Y; 5901741405664; 245.94
19.09.2024 21:27:47; AS-LH413M; 5901741405671; 203.95
19.09.2024 21:27:47; AS-LH410X; 5901741405619; 249.85
19.09.2024 21:27:47; AS-LH507YA; 5901741404810; 371.94
19.09.2024 21:27:47; AS-LH507MA; 5901741404803; 366.15
19.09.2024 21:27:47; AS-LH507CA; 590174140479; 345.12
19.09.2024 21:27:47; AS-LH507BK; 5901741405329; 342.74
19.09.2024 21:27:47; AS-LS620B; 5901741405701; 276.62
19.09.2024 21:27:47; AS-LS620C; 5901741405718; 281.65
19.09.2024 21:27:47; AS-LS620M; 5901741405725; 281.65
19.09.2024 21:27:47; AS-LS620Y; 5901741405732; 274.61
19.09.2024 21:27:47; AS-LS111SN; 5901741405480; 86.05
19.09.2024 21:27:47; AS-LS360BN; 5901741405534; 106.90
19.09.2024 21:27:47; AS-LS360CN; 5901741405541; 106.90
19.09.2024 21:27:47; AS-LS360MN; 5901741405565; 106.90
19.09.2024 21:27:47; AS-LS360YN; 5901741405558; 114.48
19.09.2024 21:27:47; AS-LC27; 5901741405787; 93.89
19.09.2024 21:27:47; AS-LH283AN; 5901741405435; 78.03
19.09.2024 21:27:47; AS-LH283XN; 5901741405442; 79.92
19.09.2024 21:27:47; AS-LH364X; 5901741405848; 291.49
19.09.2024 21:27:47; AS-LS2850N; 5901741405244; 190.60
19.09.2024 21:27:47; AS-LK130N; 5901741405879; 103.28
19.09.2024 21:27:47; AS-LH505A; 5901741406708; 139.82
19.09.2024 21:27:47; AS-LH505X; 5901741406715; 182.11
19.09.2024 21:27:47; AS-LS510BK; 5901741406791; 303.03
19.09.2024 21:27:47; AS-LS510M; 5901741406814; 140.98
19.09.2024 21:27:47; AS-LS510Y; 5901741406821; 242.19
19.09.2024 21:27:47; AS-LS116SBN; 5901741406210; 96.18
19.09.2024 21:27:47; AS-LH740BK; 5901741406197; 616.97
19.09.2024 21:27:47; AS-LH741C; 5901741406760; 609.73
19.09.2024 21:27:47; AS-LH742Y; 5901741406777; 600.24
19.09.2024 21:27:47; AS-LH743M; 5901741406784; 600.24
19.09.2024 21:27:47; AS-LK170BN; 5901741406586; 80.08
19.09.2024 21:27:47; AS-LK160BN; 5901741406579; 79.84
19.09.2024 21:27:47; AS-LK340BN; 5901741406593; 109.22
19.09.2024 21:27:47; AS-LK350BN; 5901741406609; 91.65
19.09.2024 21:27:47; AS-LK410BN; 5901741406616; 195.70
19.09.2024 21:27:47; AS-LK435BN; 5901741406623; 197.57
19.09.2024 21:27:47; AS-LL50F2H00BN; 5901741406418; 188.55
19.09.2024 21:27:47; AS-LH280A; 5901741406890; 137.59
19.09.2024 21:27:47; AS-LK590BN; 5901741406661; 101.81
19.09.2024 21:27:47; AS-LH8061AN; 5901741405916; 110.02
19.09.2024 21:27:47; AS-LH8061XN; 5901741405923; 226.62
19.09.2024 21:27:47; AS-LL60F2000N; 5901741406913; 151.12
19.09.2024 21:27:47; AS-LL50F2000N; 5901741406920; 171.37
19.09.2024 21:27:47; AS-LO710BN; 5901741407217; 212.99
19.09.2024 21:27:47; AS-LO710CN; 5901741407224; 156.09
19.09.2024 21:27:47; AS-LO710MN; 5901741407231; 117.99
19.09.2024 21:27:47; AS-LO710YN; 5901741407248; 204.49
19.09.2024 21:27:47; AS-LL50F2U00N; 5901741407347; 554.95
19.09.2024 21:27:47; AS-LH824C; 5901741406470; 234.71
19.09.2024 21:27:47; AS-LH824Y; 5901741406487; 202.44
19.09.2024 21:27:47; AS-LH824M; 5901741406494; 234.71
19.09.2024 21:27:47; AS-LH281AN; 5901741406944; 181.17
19.09.2024 21:27:47; AS-LH281XN; 5901741406951; 246.82
19.09.2024 21:27:47; AS-LS6555A; 5901741407309; 298.29
19.09.2024 21:27:47; AS-LB241BN; 5901741407354; 85.14
19.09.2024 21:27:47; AS-LH6511A; 5901741407415; 244.50
19.09.2024 21:27:47; AS-LL250N; 5901741405213; 132.00
19.09.2024 21:27:47; AS-LK590B; 5901741407446; 134.62
19.09.2024 21:27:47; AS-LO401BN; 5901741407484; 88.76
19.09.2024 21:27:47; AS-LH351A; 5901741407927; 90.54
19.09.2024 21:27:47; AS-LH352A; 5901741407934; 129.49
19.09.2024 21:27:47; AS-LO5308B; 5901741407958; 300.46
19.09.2024 21:27:47; AS-LO5307C; 5901741407965; 174.84
19.09.2024 21:27:47; AS-LO5306M; 5901741407972; 271.40
19.09.2024 21:27:47; AS-LO5305Y; 5901741407989; 271.40
19.09.2024 21:27:47; AS-LH5945B; 5901741407996; 342.47
19.09.2024 21:27:47; AS-LH280BXX; 5901741408016; 265.30
19.09.2024 21:27:47; AS-LH214B; 5901741408023; 325.62
19.09.2024 21:27:47; AS-LO430BN; 5901741407569; 78.26
19.09.2024 21:27:47; AS-LH380B; 5901741408092; 258.50
19.09.2024 21:27:47; AS-LH381C; 5901741408108; 254.49
19.09.2024 21:27:47; AS-LH382Y; 5901741408115; 284.70
19.09.2024 21:27:47; AS-LH383M; 5901741408122; 258.50
19.09.2024 21:27:47; AS-LO510BX; 5901741408146; 188.17
19.09.2024 21:27:47; AS-LO510CX; 5901741408153; 240.40
19.09.2024 21:27:47; AS-LO510YX; 5901741408160; 188.17
19.09.2024 21:27:47; AS-LO510MX; 5901741408177; 188.17
19.09.2024 21:27:47; AS-LK17B; 5901741408184; 47.98
19.09.2024 21:27:47; AS-LO411BN; 5901741409655; 100.11
19.09.2024 21:27:47; AS-LO410B; 5901741408283; 133.90
19.09.2024 21:27:47; AS-LH201BXN; 5901741408467; 110.59
19.09.2024 21:27:47; AS-LH201CXN; 5901741408474; 110.59
19.09.2024 21:27:47; AS-LH201YXN; 5901741408481; 110.59
19.09.2024 21:27:47; AS-LH201MXN; 5901741408498; 110.59
19.09.2024 21:27:47; AS-LH508MXN; 5901741408610; 255.37
19.09.2024 21:27:47; AS-LH508YXN; 5901741408603; 255.37
19.09.2024 21:27:47; AS-LH508CXN; 5901741408597; 255.37
19.09.2024 21:27:47; AS-LH508BXN; 5901741408580; 255.37
19.09.2024 21:27:47; AS-LH508MN; 5901741408573; 227.95
19.09.2024 21:27:47; AS-LH508BN; 5901741408542; 238.89
19.09.2024 21:27:47; AS-LK865BK; 5901741408696; 276.06
19.09.2024 21:27:47; AS-LK865C; 5901741408702; 276.06
19.09.2024 21:27:47; AS-LK865M; 5901741408719; 276.06
19.09.2024 21:27:47; AS-LK865Y; 5901741408726; 286.27
19.09.2024 21:27:47; AS-LH390X; 5901741408764; 433.04
19.09.2024 21:27:47; AS-LH410BN; 5901741408504; 123.08
19.09.2024 21:27:47; AS-LH410CN; 5901741408511; 123.08
19.09.2024 21:27:47; AS-LH410YN; 5901741408528; 123.08
19.09.2024 21:27:47; AS-LH410MN; 5901741408535; 123.08
19.09.2024 21:27:47; AS-LH390A; 5901741408757; 239.85
19.09.2024 21:27:47; AS-LLX651BX; 5901741409426; 658.58
19.09.2024 21:27:47; AS-LH201BAN; 5901741409440; 99.64
19.09.2024 21:27:47; AS-LH201CAN; 5901741409457; 99.64
19.09.2024 21:27:47; AS-LH201MAN; 5901741409471; 99.64
19.09.2024 21:27:47; AS-LH201YAN; 5901741409464; 99.64
19.09.2024 21:27:47; AS-PLH505XN; 5901741408788; 146.45
19.09.2024 21:27:47; AS-LL50F2H00B; 5901741408733; 268.24
19.09.2024 21:27:47; AS-LL60F2H00; 5901741408740; 508.07
19.09.2024 21:27:47; AS-LO5650BN; 5901741409532; 80.64
19.09.2024 21:27:47; AS-LO5650CN; 5901741409549; 118.61
19.09.2024 21:27:47; AS-LO5650MN; 5901741409556; 118.61
19.09.2024 21:27:47; AS-LO5650YN; 5901741409563; 118.61
19.09.2024 21:27:47; AS-LH226BXN; 5901741408993; 151.12
19.09.2024 21:27:47; AS-LH287BN; 5901741409006; 167.00
19.09.2024 21:27:47; AS-LH226BN; 5901741408986; 131.73
19.09.2024 21:27:47; AS-PLH505AN; 5901741408771; 94.89
19.09.2024 21:27:47; AS-LE2300N; 5901741409891; 99.64
19.09.2024 21:27:47; AS-LX106R01487N; 5901741409358; 151.12
19.09.2024 21:27:47; AS-LX006R01461N; 5901741409372; 243.38
19.09.2024 21:27:47; AS-LX006R01462N; 5901741409525; 255.37
19.09.2024 21:27:47; AS-LX006R01463N; 5901741409518; 255.37
19.09.2024 21:27:47; AS-LX006R01464N; 5901741409501; 295.71
19.09.2024 21:27:47; AS-LO510BXN; 5901741409945; 114.17
19.09.2024 21:27:47; AS-LO510CXN; 5901741409952; 106.90
19.09.2024 21:27:47; AS-LO510MXN; 5901741409969; 106.90
19.09.2024 21:27:47; AS-LO510YXN; 5901741409976; 106.90
19.09.2024 21:27:47; AS-LK580BKN; 5901741409907; 123.08
19.09.2024 21:27:47; AS-LK580CN; 5901741409914; 123.08
19.09.2024 21:27:47; AS-LK580MN; 5901741409921; 123.08
19.09.2024 21:27:47; AS-LK580YN; 5901741409938; 123.08
19.09.2024 21:27:47; AS-LX106R01634N; 5901741409389; 77.85
19.09.2024 21:27:47; AS-LX106R01631N; 5901741409402; 77.85
19.09.2024 21:27:47; AS-LX106R01632N; 5901741409419; 77.85
19.09.2024 21:27:47; AS-LX106R01633N; 5901741409396; 77.85
19.09.2024 21:27:47; AS-LX106R02182N; 5901741409365; 54.78
19.09.2024 21:27:47; AS-LH3960B; 5901741410170; 155.41
19.09.2024 21:27:47; AS-LX106R01400; 5901741410309; 410.74
19.09.2024 21:27:47; AS-LX106R01401; 5901741410316; 361.09
19.09.2024 21:27:47; AS-LX106R01403; 5901741410330; 374.45
19.09.2024 21:27:47; AS-LS116L; 5901741410354; 172.61
19.09.2024 21:27:47; AS-LO301BN; 5901741409211; 84.54
19.09.2024 21:27:47; AS-LO301CN; 5901741409228; 68.84
19.09.2024 21:27:47; AS-LO301YN; 5901741409235; 68.84
19.09.2024 21:27:47; AS-LO301MN; 5901741409242; 68.84
19.09.2024 21:27:47; AS-LS660BK; 5901741410415; 231.89
19.09.2024 21:27:47; AS-LS660C; 5901741410422; 246.44
19.09.2024 21:27:47; AS-LS660M; 5901741410439; 240.46
19.09.2024 21:27:47; AS-LH3962Y; 5901741410767; 186.73
19.09.2024 21:27:47; AS-LS203L; 5901741410668; 224.39
19.09.2024 21:27:47; AS-LX106R01415; 5901741410743; 130.08
19.09.2024 21:27:47; AS-LS404BN; 5901741409723; 157.51
19.09.2024 21:27:47; AS-LS404CN; 5901741409730; 157.51
19.09.2024 21:27:47; AS-LS404MN; 5901741409747; 157.51
19.09.2024 21:27:47; AS-LS404YN; 5901741409754; 157.51
19.09.2024 21:27:47; AS-LX108R00909N; 5901741410781; 132.86
19.09.2024 21:27:47; AS-LD593N; 5901741408665; 228.59
19.09.2024 21:27:47; AS-LL702BN; 5901741409761; 316.86
19.09.2024 21:27:47; AS-LL702CN; 5901741409778; 394.57
19.09.2024 21:27:47; AS-LL702MN; 5901741409785; 399.49
19.09.2024 21:27:47; AS-LL702YN; 5901741409792; 400.36
19.09.2024 21:27:47; AS-LL802BN; 5901741409808; 283.80
19.09.2024 21:27:47; AS-LL802CN; 5901741409815; 259.55
19.09.2024 21:27:47; AS-LL802MN; 5901741409822; 259.55
19.09.2024 21:27:47; AS-LL802YN; 5901741409839; 259.55
19.09.2024 21:27:47; AS-LO6200B; 5901741409259; 382.41
19.09.2024 21:27:47; AS-LS3050BN; 5901741401987; 142.18
19.09.2024 21:27:47; AS-LL540M; 5901741411320; 300.28
19.09.2024 21:27:47; AS-LL702B; 5901741411344; 315.50
19.09.2024 21:27:47; AS-LO5850BN; 5901741411085; 122.51
19.09.2024 21:27:47; AS-LO5850CN; 5901741411092; 122.51
19.09.2024 21:27:47; AS-LO5850MN; 5901741411108; 122.51
19.09.2024 21:27:47; AS-LO5850YN; 5901741411115; 122.51
19.09.2024 21:27:47; AS-LH7570B; 5901741410941; 258.99
19.09.2024 21:27:47; AS-LH6460B; 5901741410798; 394.22
19.09.2024 21:27:47; AS-LH6461C; 5901741410804; 439.24
19.09.2024 21:27:47; AS-LH6462Y; 5901741410811; 439.24
19.09.2024 21:27:47; AS-LH6463M; 5901741410828; 439.24
19.09.2024 21:27:47; AS-LD1720N; 5901741411504; 150.54
19.09.2024 21:27:47; AS-LO822B; 5901741411511; 173.43
19.09.2024 21:27:47; AS-LO822C; 5901741411528; 372.56
19.09.2024 21:27:47; AS-LO822Y; 5901741411535; 307.61
19.09.2024 21:27:47; AS-LO822M; 5901741411160; 315.50
19.09.2024 21:27:47; AS-LX106R01374A; 5901741411542; 166.73
19.09.2024 21:27:47; AS-LO412N; 5901741410958; 121.19
19.09.2024 21:27:47; AS-LK675BN; 5901741410477; 306.86
19.09.2024 21:27:47; AS-LE1200N; 5901741410156; 148.68
19.09.2024 21:27:47; AS-LO412XN; 5901741410965; 152.83
19.09.2024 21:27:47; AS-LB245CN; 5901741411610; 84.26
19.09.2024 21:27:47; AS-LB245MN; 5901741411627; 81.68
19.09.2024 21:27:47; AS-LB245YN; 5901741411634; 81.68
19.09.2024 21:27:47; AS-LH322A; 5901741401314; 93.19
19.09.2024 21:27:47; AS-LO310BN; 5901741409174; 110.59
19.09.2024 21:27:47; AS-LO310CN; 5901741409181; 82.12
19.09.2024 21:27:47; AS-LO310MN; 5901741409198; 85.27
19.09.2024 21:27:47; AS-LO310YN; 5901741409204; 85.27
19.09.2024 21:27:47; AS-LS307A; 5901741411894; 374.52
19.09.2024 21:27:47; AS-LH7516A; 5901741411788; 249.69
19.09.2024 21:27:47; AS-LX106R02778A; 5901741411795; 198.77
19.09.2024 21:27:47; AS-LLX340H11A; 5901741410934; 315.98
19.09.2024 21:27:47; AS-LO5600BN; 5901741412617; 69.57
19.09.2024 21:27:47; AS-LH279AN; 5901741410071; 75.94
19.09.2024 21:27:47; AS-LH650C; 5901741411719; 453.68
19.09.2024 21:27:47; AS-LO412X; 5901741411856; 225.00
19.09.2024 21:27:47; AS-LL522X; 5901741411665; 850.15
19.09.2024 21:27:47; AS-LL622X; 5901741411078; 765.06
19.09.2024 21:27:47; AS-LO860Y; 5901741412136; 231.35
19.09.2024 21:27:47; AS-LO860M; 5901741412129; 236.62
19.09.2024 21:27:47; AS-LO860C; 5901741412112; 236.62
19.09.2024 21:27:47; AS-LO860BK; 5901741412105; 367.09
19.09.2024 21:27:47; AS-LD3110BKN; 5901741409020; 312.17
19.09.2024 21:27:47; AS-LD3110CN; 5901741409044; 212.40
19.09.2024 21:27:47; AS-LD3110MN; 5901741409051; 268.82
19.09.2024 21:27:47; AS-LD3110YN; 5901741409068; 268.82
19.09.2024 21:27:47; AS-LL463X; 5901741412358; 743.94
19.09.2024 21:27:47; AS-LL802B; 5901741411382; 332.58
19.09.2024 21:27:47; AS-LS103LN; 5901741412167; 129.30
19.09.2024 21:27:47; AS-LX106R02312N; 5901741412594; 219.06
19.09.2024 21:27:47; AS-LE300BN; 5901741412679; 121.55
19.09.2024 21:27:47; AS-LS116LN; 5901741412037; 92.06
19.09.2024 21:27:47; AS-LR220BN; 5901741409310; 262.56
19.09.2024 21:27:47; AS-LL1145; 5901741412686; 509.70
19.09.2024 21:27:47; AS-LR220CN; 5901741409327; 262.56
19.09.2024 21:27:47; AS-LR220MN; 5901741409334; 338.34
19.09.2024 21:27:47; AS-LR220YN; 5901741409341; 262.56
19.09.2024 21:27:47; AS-LR231B; 5901741411429; 278.10
19.09.2024 21:27:47; AS-LR231C; 5901741411436; 172.29
19.09.2024 21:27:47; AS-LR231M; 5901741411443; 190.79
19.09.2024 21:27:47; AS-LR231Y; 5901741411450; 268.18
19.09.2024 21:27:47; AS-LR3500N; 5901741409303; 112.73
19.09.2024 21:27:47; AS-LS205EN; 5901741413072; 166.78
19.09.2024 21:27:47; AS-LX106R01379N; 5901741411924; 261.53
19.09.2024 21:27:47; AS-LS203LN; 5901741412051; 168.10
19.09.2024 21:27:47; AS-LO461N; 5901741412525; 129.97
19.09.2024 21:27:47; AS-LO491N; 5901741412662; 130.74
19.09.2024 21:27:47; AS-LX106R01374N; 5901741412044; 118.95
19.09.2024 21:27:47; AS-LH380BXN; 5901741406371; 139.82
19.09.2024 21:27:47; AS-LK8305B; 5901741411221; 339.00
19.09.2024 21:27:47; AS-LK8305C; 5901741411238; 339.00
19.09.2024 21:27:47; AS-LK8305M; 5901741411245; 339.00
19.09.2024 21:27:47; AS-LK8305Y; 5901741411252; 368.83
19.09.2024 21:27:47; AS-LO5650B; 5901741412310; 108.68
19.09.2024 21:27:47; AS-LX106R02306N; 5901741412457; 168.10
19.09.2024 21:27:47; AS-LHF310BK; 5901741412228; 271.07
19.09.2024 21:27:47; AS-LHF311C; 5901741412235; 378.53
19.09.2024 21:27:47; AS-LHF313M; 5901741412242; 467.10
19.09.2024 21:27:47; AS-LHF312Y; 5901741412259; 425.91
19.09.2024 21:27:47; AS-LK5140BN; 5901741412808; 157.51
19.09.2024 21:27:47; AS-LK5140CN; 5901741412815; 157.51
19.09.2024 21:27:47; AS-LK5140MN; 5901741412822; 157.51
19.09.2024 21:27:47; AS-LK5140YN; 5901741412839; 157.51
19.09.2024 21:27:47; AS-LO720A; 5901741412754; 295.82
19.09.2024 21:27:47; AS-LK5150BN; 5901741412846; 238.23
19.09.2024 21:27:47; AS-LK5150CN; 5901741412853; 238.23
19.09.2024 21:27:47; AS-LK5150MN; 5901741412860; 238.23
19.09.2024 21:27:47; AS-LK5150YN; 5901741412877; 238.23
19.09.2024 21:27:47; AS-LS2082N; 5901741412884; 149.42
19.09.2024 21:27:47; AS-LS203S; 5901741412945; 165.63
19.09.2024 21:27:47; AS-LD1250CN; 5901741412914; 72.29
19.09.2024 21:27:47; AS-LD1250YN; 5901741412921; 72.29
19.09.2024 21:27:47; AS-LD1250MN; 5901741412938; 72.29
19.09.2024 21:27:47; AS-LL50F2U00; 5901741413287; 413.35
19.09.2024 21:27:47; AS-LH9703A; 5901741400638; 139.05
19.09.2024 21:27:47; AS-LHF320BX; 5901741412518; 511.43
19.09.2024 21:27:47; AS-LHF321C; 5901741412556; 612.31
19.09.2024 21:27:47; AS-LHF322Y; 5901741412563; 586.77
19.09.2024 21:27:47; AS-LHF323M; 5901741412570; 586.77
19.09.2024 21:27:47; AS-LK1125N; 5901741412761; 70.97
19.09.2024 21:27:47; AS-LS506B; 5901741413164; 382.95
19.09.2024 21:27:47; AS-LS506M; 5901741413171; 366.15
19.09.2024 21:27:47; AS-LS506Y; 5901741413188; 366.15
19.09.2024 21:27:47; AS-LX106R01412N; 5901741412778; 97.12
19.09.2024 21:27:47; AS-LSH020; 5901741413133; 452.36
19.09.2024 21:27:47; AS-LE200BN; 5901741413300; 26.55
19.09.2024 21:27:47; AS-LX106R01531N; 5901741412785; 168.10
19.09.2024 21:27:47; AS-LS203E; 5901741413201; 282.54
19.09.2024 21:27:47; AS-LR112N; 5901741412969; 139.82
19.09.2024 21:27:47; AS-LX106R03623; 5901741412952; 416.95
19.09.2024 21:27:47; AS-LR1270B; 5901741413102; 95.45
19.09.2024 21:27:47; AS-LL60F2X00; 5901741413119; 626.49
19.09.2024 21:27:47; AS-LH261A; 5901741400676; 273.27
19.09.2024 21:27:47; AS-LH262A; 5901741400690; 273.27
19.09.2024 21:27:47; AS-LK560M; 5901741413904; 205.08
19.09.2024 21:27:47; AS-LX108R00796A; 5901741413836; 221.35
19.09.2024 21:27:47; AS-LX106R01604B; 5901741413850; 101.66
19.09.2024 21:27:47; AS-LO3300B; 5901741414024; 135.70
19.09.2024 21:27:47; AS-LO3300Y; 5901741414055; 168.97
19.09.2024 21:27:47; AS-LX106R02310A; 5901741414017; 241.03
19.09.2024 21:27:47; AS-LL650A11E; 5901741413218; 398.50
19.09.2024 21:27:47; AS-LHF230AN; 5901741413614; 81.68
19.09.2024 21:27:47; AS-LD3760CN; 5901741414147; 170.25
19.09.2024 21:27:47; AS-LD3760MN; 5901741414154; 189.42
19.09.2024 21:27:47; AS-LS204E; 5901741414758; 299.26
19.09.2024 21:27:47; AS-LL522H; 5901741415212; 599.95
19.09.2024 21:27:47; AS-LHF217AN; 5901741413317; 94.85
19.09.2024 21:27:47; AS-LD1720; 5901741414703; 133.90
19.09.2024 21:27:47; AS-LD2330; 5901741409013; 263.73
19.09.2024 21:27:47; AS-LS204L; 5901741414765; 242.80
19.09.2024 21:27:47; AS-LO853BN; 5901741415076; 214.90
19.09.2024 21:27:47; AS-LO853CN; 5901741415083; 254.94
19.09.2024 21:27:47; AS-LO853MN; 5901741415090; 241.06
19.09.2024 21:27:47; AS-LO853YN; 5901741415106; 237.79
19.09.2024 21:27:47; AS-LO810M; 5901741414567; 237.45
19.09.2024 21:27:47; AS-LO8600C; 5901741414505; 251.47
19.09.2024 21:27:47; AS-LK540CN; 5901741413034; 103.36
19.09.2024 21:27:47; AS-LL203B; 5901741414802; 182.58
19.09.2024 21:27:47; AS-LHF230XN; 5901741413621; 95.55
19.09.2024 21:27:47; AS-LHF205BN; 5901741414185; 111.95
19.09.2024 21:27:47; AS-LHF205MN; 5901741414215; 112.95
19.09.2024 21:27:47; AS-LHF203CN; 5901741414239; 110.59
19.09.2024 21:27:47; AS-LHF203BN; 5901741414222; 110.59
19.09.2024 21:27:47; AS-LHF203YN; 5901741414246; 110.59
19.09.2024 21:27:47; AS-LHF203MN; 5901741414253; 110.59
19.09.2024 21:27:47; AS-LHF203BXN; 5901741414260; 123.08
19.09.2024 21:27:47; AS-LHF203CXN; 5901741414277; 123.08
19.09.2024 21:27:47; AS-LHF203MXN; 5901741414291; 123.08
19.09.2024 21:27:47; AS-LHF203YXN; 5901741414284; 123.08
19.09.2024 21:27:47; AS-LE2000XN; 5901741415021; 99.74
19.09.2024 21:27:47; AS-LHF410BXN; 5901741415526; 132.00
19.09.2024 21:27:47; AS-LHF410CXN; 5901741415533; 139.82
19.09.2024 21:27:47; AS-LHF410MXN; 5901741415540; 139.82
19.09.2024 21:27:47; AS-LHF410YXN; 5901741415557; 139.82
19.09.2024 21:27:47; AS-LC45BXN; 5901741415373; 123.08
19.09.2024 21:27:47; AS-LC45CXN; 5901741415380; 123.08
19.09.2024 21:27:47; AS-LC45MXN; 5901741415397; 123.08
19.09.2024 21:27:47; AS-LC45YXN; 5901741415403; 123.08
19.09.2024 21:27:47; AS-LC46BXN; 5901741415328; 157.51
19.09.2024 21:27:47; AS-LC46CXN; 5901741415335; 144.39
19.09.2024 21:27:47; AS-LC46MXN; 5901741415342; 157.51
19.09.2024 21:27:47; AS-LC46YXN; 5901741415359; 157.51
19.09.2024 21:27:47; AS-CR1270N; 5901741415816; 77.95
19.09.2024 21:27:47; AS-LHF256AN; 5901741415410; 132.50
19.09.2024 21:27:47; AS-LHF244N; 5901741415519; 96.62
19.09.2024 21:27:47; AS-LO332BXN; 5901741415748; 112.37
19.09.2024 21:27:47; AS-LO332CXN; 5901741415755; 112.37
19.09.2024 21:27:47; AS-LO332MXN; 5901741415762; 112.37
19.09.2024 21:27:47; AS-LO332YXN; 5901741415779; 112.37
19.09.2024 21:27:47; AS-LC52N; 5901741415885; 103.63
19.09.2024 21:27:47; AS-LC52XN; 5901741415892; 126.47
19.09.2024 21:27:47; AS-LL51B2000N; 5901741416011; 221.09
19.09.2024 21:27:47; AS-LL51B2H00N; 5901741416028; 344.95
19.09.2024 21:27:47; AS-LH530A; 5901741416158; 164.23
19.09.2024 21:27:47; AS-LH531A; 5901741416165; 498.95
19.09.2024 21:27:47; AS-LH532A; 5901741416189; 245.41
19.09.2024 21:27:47; AS-LH533A; 5901741416172; 208.98
19.09.2024 21:27:47; AS-LH1103AN; 5901741417551; 48.91
19.09.2024 21:27:47; AS-LK310; 5901741405220; 127.42
19.09.2024 21:27:47; AS-LK3100BN; 5901741406333; 133.89
19.09.2024 21:27:47; AS-LK3130; 5901741408443; 312.17
19.09.2024 21:27:47; AS-LK360N; 5901741412020; 100.90
19.09.2024 21:27:47; AS-CC14BN; 5901741409877; 88.76
19.09.2024 21:27:47; AS-CC18BN; 5901741409884; 123.08
19.09.2024 21:27:47; AS-CC33N; 5901741412389; 94.95
19.09.2024 21:27:47; AS-LK3130BN; 5901741406340; 172.45
19.09.2024 21:27:47; AS-CC34BN; 5901741412396; 222.26
19.09.2024 21:27:47; AS-CC34CN; 5901741412402; 210.65
19.09.2024 21:27:47; AS-CC34MN; 5901741412419; 225.95
19.09.2024 21:27:47; AS-CC34YN; 5901741412426; 225.95
19.09.2024 21:27:47; AS-LK3110; 5901741413225; 193.71
19.09.2024 21:27:47; AS-LK3150N; 5901741415069; 161.31
19.09.2024 21:27:47; AS-LK3160N; 5901741415472; 143.88
19.09.2024 21:27:47; AS-LK3170N; 5901741415489; 167.65
19.09.2024 21:27:47; AS-CC11N; 5901741412365; 163.74
19.09.2024 21:27:47; AS-CM211N; 5901741415793; 108.53
19.09.2024 21:27:47; AS-CM217N; 5901741415809; 114.17
19.09.2024 21:27:47; AS-CM414N; 5901741415823; 145.12
19.09.2024 21:27:47; AS-CR1230N; 5901741415847; 67.95
19.09.2024 21:27:47; AS-CR2501N; 5901741415830; 77.95
19.09.2024 21:27:47; AS-CSH016N; 5901741415878; 227.03
19.09.2024 21:27:47; AS-CSH235N; 5901741415861; 202.24
19.09.2024 21:27:47; AS-LP411N; 5901741404681; 78.00
19.09.2024 21:27:47; AS-LP83; 5901741404674; 62.59
19.09.2024 21:27:47; AS-LP92N; 5901741405695; 50.08
19.09.2024 21:27:47; Ti-LP411N; 5901741452316; 38.39
19.09.2024 21:27:47; Ti-LH435AN; 5901741450466; 29.17
19.09.2024 21:27:47; Ti-LH436AN; 5901741450664; 29.67
19.09.2024 21:27:47; Ti-LB2010N; 5901741450817; 24.17
19.09.2024 21:27:47; Ti-LP83; 5901741453481; 20.89
19.09.2024 21:27:47; Ti-LH2612AN; 5901741450107; 25.46
19.09.2024 21:27:47; Ti-LH278AN; 5901741450251; 28.67
19.09.2024 21:27:47; Ti-LH285AN; 5901741450015; 27.88
19.09.2024 21:27:47; Ti-LH283AN; 5901741450381; 28.07
19.09.2024 21:27:47; Ti-LH279BN; 5901741458462; 27.18
19.09.2024 21:27:47; Ti-LB1090N; 5901741459773; 21.56
19.09.2024 21:27:47; Ti-LB2310BN; 5901741451166; 23.71
19.09.2024 21:27:47; Ti-LB2220N; 5901741450558; 24.42
19.09.2024 21:27:47; Ti-LB2320BN; 5901741450589; 22.88
19.09.2024 21:27:47; Ti-LB230BKN; 5901741452408; 39.88
19.09.2024 21:27:47; Ti-LK130N; 5901741451685; 35.05
19.09.2024 21:27:47; Ti-LC10N; 5901741451777; 31.43
19.09.2024 21:27:47; Ti-LO301BN; 5901741458844; 33.05
19.09.2024 21:27:47; Ti-LO301CN; 5901741458851; 33.29
19.09.2024 21:27:47; Ti-LO301MN; 5901741458875; 33.19
19.09.2024 21:27:47; Ti-LO301YN; 5901741458868; 33.29
19.09.2024 21:27:47; Ti-LH7115AN; 5901741451494; 40.48
19.09.2024 21:27:47; Ti-LB2120N; 5901741451319; 34.93
19.09.2024 21:27:47; Ti-LB2210N; 5901741451715; 27.91
19.09.2024 21:27:47; Ti-LB241BN; 5901741451753; 29.67
19.09.2024 21:27:47; Ti-LK120N; 5901741454372; 48.19
19.09.2024 21:27:47; Ti-LH2613AN; 5901741453092; 66.26
19.09.2024 21:27:47; Ti-LB2110N; 5901741453214; 43.73
19.09.2024 21:27:47; Ti-LB2000N; 5901741451593; 35.02
19.09.2024 21:27:47; Ti-LH5949AN; 5901741450756; 40.40
19.09.2024 21:27:47; Ti-LH283XN; 5901741450626; 32.12
19.09.2024 21:27:47; Ti-LO310CN; 5901741458813; 33.19
19.09.2024 21:27:47; Ti-LO310MN; 5901741458820; 33.19
19.09.2024 21:27:47; Ti-LO310YN; 5901741458837; 33.19
19.09.2024 21:27:47; Ti-LB3130N; 5901741453986; 56.49
19.09.2024 21:27:47; Ti-LK170BN; 5901741452743; 37.67
19.09.2024 21:27:47; Ti-LH7115XN; 5901741452101; 49.48
19.09.2024 21:27:47; Ti-LB245CN; 5901741459254; 31.26
19.09.2024 21:27:47; Ti-LB245MN; 5901741459261; 31.26
19.09.2024 21:27:47; Ti-LB245YN; 5901741459278; 31.26
19.09.2024 21:27:47; Ti-LS1042N; 5901741450510; 41.22
19.09.2024 21:27:47; Ti-LH7553AN; 5901741450848; 49.88
19.09.2024 21:27:47; Ti-LB023N; 5901741460038; 19.93
19.09.2024 21:27:47; Ti-LB3330N; 5901741452651; 42.48
19.09.2024 21:27:47; Ti-LC27N; 5901741452514; 72.77
19.09.2024 21:27:47; Ti-LK110N; 5901741452835; 33.29
19.09.2024 21:27:47; Ti-LH2613XN; 5901741453023; 50.94
19.09.2024 21:27:47; Ti-LB325BN; 5901741453863; 41.39
19.09.2024 21:27:47; Ti-LB325CN; 5901741453764; 42.10
19.09.2024 21:27:47; Ti-LB325MN; 5901741453436; 42.10
19.09.2024 21:27:47; Ti-LB325YN; 5901741453788; 42.10
19.09.2024 21:27:47; Ti-LS1710N; 5901741452682; 58.10
19.09.2024 21:27:47; Ti-LB3170N; 5901741451739; 47.39
19.09.2024 21:27:47; Ti-LB3280N; 5901741451401; 45.49
19.09.2024 21:27:47; Ti-LHF244N; 5901741459940; 32.83
19.09.2024 21:27:47; Ti-LO310BN; 5901741458806; 34.95
19.09.2024 21:27:47; Ti-LS1092N; 5901741451883; 68.15
19.09.2024 21:27:47; Ti-LH5949XN; 5901741450879; 54.27
19.09.2024 21:27:47; Ti-LHF217AN; 5901741459827; 29.94
19.09.2024 21:27:47; Ti-LS4521N; 5901741452002; 69.78
19.09.2024 21:27:47; Ti-LH321AN; 5901741451647; 64.81
19.09.2024 21:27:47; Ti-LH322AN; 5901741451678; 64.81
19.09.2024 21:27:47; Ti-LH323AN; 5901741451456; 63.98
19.09.2024 21:27:47; Ti-LS111SN; 5901741450701; 35.87
19.09.2024 21:27:47; Ti-LS101N; 5901741450398; 39.51
19.09.2024 21:27:47; Ti-LS1052N; 5901741450657; 52.97
19.09.2024 21:27:47; Ti-LH211CN; 5901741450244; 57.79
19.09.2024 21:27:47; Ti-LH212YN; 5901741450190; 57.79
19.09.2024 21:27:47; Ti-LH213MN; 5901741450336; 57.78
19.09.2024 21:27:47; Ti-LK3100BN; 5901741453511; 57.79
19.09.2024 21:27:47; Ti-LB4100BKN; 5901741454877; 44.00
19.09.2024 21:27:47; Ti-LHF205CN; 5901741459964; 60.88
19.09.2024 21:27:47; Ti-LHF205MN; 5901741459988; 60.88
19.09.2024 21:27:47; Ti-LHF205YN; 5901741459971; 51.98
19.09.2024 21:27:47; Ti-LS1610N; 5901741450725; 58.85
19.09.2024 21:27:47; Ti-LH7553XN; 5901741450527; 52.47
19.09.2024 21:27:47; Ti-LH530AN; 5901741450022; 58.97
19.09.2024 21:27:47; Ti-LH531AN; 5901741450596; 58.97
19.09.2024 21:27:47; Ti-LH532AN; 5901741450404; 58.97
19.09.2024 21:27:47; Ti-LH533AN; 5901741450268; 49.98
19.09.2024 21:27:47; Ti-LB2421N; 5901741459865; 31.63
19.09.2024 21:27:47; Ti-LL24016; 5901741453375; 89.97
19.09.2024 21:27:47; Ti-LH540AN; 5901741450053; 55.97
19.09.2024 21:27:47; Ti-LB3390N; 5901741452866; 49.65
19.09.2024 21:27:47; Ti-LS1082N; 5901741450947; 57.91
19.09.2024 21:27:47; Ti-LS4200N; 5901741451302; 51.96
19.09.2024 21:27:47; Ti-LB326CN; 5901741457793; 47.25
19.09.2024 21:27:47; Ti-LB326MN; 5901741457809; 47.25
19.09.2024 21:27:47; Ti-LB326YN; 5901741457816; 47.25
19.09.2024 21:27:47; Ti-LH320AN; 5901741450992; 59.98
19.09.2024 21:27:47; Ti-LH4092AN; 5901741451913; 56.03
19.09.2024 21:27:47; Ti-LB3380N; 5901741451999; 47.95
19.09.2024 21:27:47; Ti-LHF205BN; 5901741459957; 51.98
19.09.2024 21:27:47; Ti-LS116LN; 5901741459780; 39.25
19.09.2024 21:27:47; Ti-LS2092SN; 5901741452569; 65.97
19.09.2024 21:27:47; Ti-LH226BN; 5901741458622; 54.87
19.09.2024 21:27:47; Ti-LH541AN; 5901741450435; 54.98
19.09.2024 21:27:47; Ti-LH542AN; 5901741450350; 57.79
19.09.2024 21:27:47; Ti-LH543AN; 5901741450497; 57.79
19.09.2024 21:27:47; Ti-LH381CN; 5901741457465; 63.87
19.09.2024 21:27:47; Ti-LH382YN; 5901741457472; 68.33
19.09.2024 21:27:47; Ti-LH383MN; 5901741457489; 68.33
19.09.2024 21:27:47; Ti-LH380XN; 5901741457458; 61.47
19.09.2024 21:27:47; Ti-LS360BN; 5901741451241; 47.21
19.09.2024 21:27:47; Ti-LS360MN; 5901741452354; 50.77
19.09.2024 21:27:47; Ti-LS360YN; 5901741452118; 50.77
19.09.2024 21:27:47; Ti-LH280A; 5901741453610; 120.21
19.09.2024 21:27:47; Ti-LB2411N; 5901741459858; 28.78
19.09.2024 21:27:47; Ti-LHF230AN; 5901741459926; 34.24
19.09.2024 21:27:47; Ti-LH210XN; 5901741457304; 61.30
19.09.2024 21:27:47; Ti-LL12016; 5901741453832; 147.78
19.09.2024 21:27:47; Ti-LB423BN; 5901741459889; 41.45
19.09.2024 21:27:47; Ti-LB423CN; 5901741459896; 42.15
19.09.2024 21:27:47; Ti-LB423MN; 5901741459902; 46.76
19.09.2024 21:27:47; Ti-LB423YN; 5901741459919; 45.89
19.09.2024 21:27:47; Ti-LS3470BN; 5901741452194; 84.40
19.09.2024 21:27:47; Ti-LM1300N; 5901741458455; 94.87
19.09.2024 21:27:47; Ti-LHF411CXN; 5901741459513; 75.37
19.09.2024 21:27:47; Ti-LHF412YXN; 5901741459520; 75.37
19.09.2024 21:27:47; Ti-LHF413MXN; 5901741459537; 75.37
19.09.2024 21:27:47; Ti-LC45BXN; 5901741460175; 63.07
19.09.2024 21:27:47; Ti-LC45CXN; 5901741460182; 63.07
19.09.2024 21:27:47; Ti-LC45MXN; 5901741460199; 63.07
19.09.2024 21:27:47; Ti-LC45YXN; 5901741460205; 59.97
19.09.2024 21:27:47; Ti-LH505AN; 5901741450206; 39.78
19.09.2024 21:27:47; Ti-LHF410BXN; 5901741459506; 76.07
19.09.2024 21:27:47; Ti-LH280AN; 5901741450442; 42.02
19.09.2024 21:27:47; Ti-LH287BN; 5901741458646; 74.97
19.09.2024 21:27:47; Ti-LH410XN; 5901741450763; 65.98
19.09.2024 21:27:47; Ti-LS360CN; 5901741452200; 50.77
19.09.2024 21:27:47; Ti-LH411CN; 5901741450732; 58.98
19.09.2024 21:27:47; Ti-LH412YN; 5901741450671; 67.48
19.09.2024 21:27:47; Ti-LH413MN; 5901741450619; 67.47
19.09.2024 21:27:47; Ti-LC3N; 5901741455027; 78.86
19.09.2024 21:27:47; Ti-LH201BAN; 5901741459070; 52.51
19.09.2024 21:27:47; Ti-LH201YAN; 5901741459094; 52.51
19.09.2024 21:27:47; Ti-LH201CAN; 5901741459087; 52.51
19.09.2024 21:27:47; Ti-LH201MAN; 5901741459100; 52.51
19.09.2024 21:27:47; Ti-LH7115A; 5901741451470; 61.24
19.09.2024 21:27:47; Ti-LB326BN; 5901741457786; 45.49
19.09.2024 21:27:47; Ti-LS205LN; 5901741451005; 78.91
19.09.2024 21:27:47; Ti-LH505XN; 5901741450152; 47.28
19.09.2024 21:27:47; Ti-LS4720N; 5901741452149; 84.13
19.09.2024 21:27:47; Ti-LO412N; 5901741458417; 39.40
19.09.2024 21:27:47; Ti-LK350BN; 5901741453405; 99.37
19.09.2024 21:27:47; Ti-LH7551AN; 5901741452163; 82.39
19.09.2024 21:27:47; Ti-LH201BXN; 5901741458103; 63.88
19.09.2024 21:27:47; Ti-LH201CXN; 5901741458110; 63.88
19.09.2024 21:27:47; Ti-LH201YXN; 5901741458127; 63.87
19.09.2024 21:27:47; Ti-LH201MXN; 5901741458134; 63.87
19.09.2024 21:27:47; Ti-LH255AN; 5901741450916; 80.63
19.09.2024 21:27:47; Ti-LS2850N; 5901741452439; 75.37
19.09.2024 21:27:47; Ti-LH410CN; 5901741458158; 61.30
19.09.2024 21:27:47; Ti-LH410MN; 5901741458172; 57.79
19.09.2024 21:27:47; Ti-LH410YN; 5901741458165; 61.30
19.09.2024 21:27:47; Ti-LL350; 5901741454501; 79.76
19.09.2024 21:27:47; Ti-LS205SN; 5901741452712; 70.09
19.09.2024 21:27:47; Ti-LH505A; 5901741452477; 88.67
19.09.2024 21:27:47; Ti-LH280XN; 5901741450060; 53.36
19.09.2024 21:27:47; Ti-LO412XN; 5901741458424; 47.78
19.09.2024 21:27:47; Ti-LD2335N; 5901741453641; 88.04
19.09.2024 21:27:47; Ti-LHF203BN; 5901741459995; 54.27
19.09.2024 21:27:47; Ti-LHF203CN; 5901741460007; 54.27
19.09.2024 21:27:47; Ti-LHF203MN; 5901741460021; 54.27
19.09.2024 21:27:47; Ti-LHF203YN; 5901741460014; 54.27
19.09.2024 21:27:47; Ti-LO432N; 5901741458431; 68.33
19.09.2024 21:27:47; Ti-LX106R02778N; 5901741452590; 43.83
19.09.2024 21:27:47; Ti-LS2092N; 5901741452606; 77.34
19.09.2024 21:27:47; Ti-LB230M; 5901741456116; 46.49
19.09.2024 21:27:47; Ti-LB230Y; 5901741456123; 36.53
19.09.2024 21:27:47; Ti-LS205EN; 5901741460274; 85.47
19.09.2024 21:27:47; Ti-LB3480BXN; 5901741459483; 44.96
19.09.2024 21:27:47; Ti-LH8061XN; 5901741453115; 127.66
19.09.2024 21:27:47; Ti-LH410BN; 5901741458141; 54.27
19.09.2024 21:27:47; Ti-LC46BXN; 5901741460137; 108.29
19.09.2024 21:27:47; Ti-LC46CXN; 5901741460144; 90.14
19.09.2024 21:27:47; Ti-LC46MXN; 5901741460151; 105.63
19.09.2024 21:27:47; Ti-LHF230XN; 5901741459933; 37.77
19.09.2024 21:27:47; Ti-LL260; 5901741454242; 131.18
19.09.2024 21:27:47; Ti-LH7551XN; 5901741451371; 101.66
19.09.2024 21:27:47; Ti-LH226BXN; 5901741458639; 63.98
19.09.2024 21:27:47; Ti-LH505X; 5901741451562; 104.74
19.09.2024 21:27:47; Ti-LS203EN; 5901741460267; 84.57
19.09.2024 21:27:47; Ti-LH6000AN; 5901741450534; 101.88
19.09.2024 21:27:47; Ti-LH6001AN; 5901741451357; 101.88
19.09.2024 21:27:47; Ti-LH6002AN; 5901741451128; 101.88
19.09.2024 21:27:47; Ti-LH6003AN; 5901741450954; 101.88
19.09.2024 21:27:47; Ti-LH280X; 5901741453795; 151.33
19.09.2024 21:27:47; Ti-LC731Y; 5901741459674; 190.29
19.09.2024 21:27:47; Ti-LB325M; 5901741452675; 96.16
19.09.2024 21:27:47; Ti-LB230BK; 5901741456093; 101.22
19.09.2024 21:27:47; Ti-LS203LN; 5901741460250; 77.11
19.09.2024 21:27:47; Ti-LH251AN; 5901741455386; 125.58
19.09.2024 21:27:47; Ti-LH252AN; 5901741455959; 136.40
19.09.2024 21:27:47; Ti-LH253AN; 5901741455942; 125.58
19.09.2024 21:27:47; Ti-LH6511XN; 5901741451821; 126.20
19.09.2024 21:27:47; Ti-LH250XN; 5901741457236; 139.80
19.09.2024 21:27:47; Ti-LL50F2000; 5901741451968; 68.87
19.09.2024 21:27:47; Ti-LH6473AN; 5901741457045; 132.96
19.09.2024 21:27:47; Ti-LL51B2000; 5901741459797; 77.34
19.09.2024 21:27:47; Ti-LH255XN; 5901741450312; 94.69
19.09.2024 21:27:47; Ti-LH6471AN; 5901741457038; 121.20
19.09.2024 21:27:47; Ti-LH6472AN; 5901741457052; 169.98
19.09.2024 21:27:47; Ti-LH390AN; 5901741451203; 94.93
19.09.2024 21:27:47; Ti-LH507CAN; 5901741450831; 121.88
19.09.2024 21:27:47; Ti-LH507MAN; 5901741450800; 121.87
19.09.2024 21:27:47; Ti-LH507YAN; 5901741450886; 121.88
19.09.2024 21:27:47; Ti-LX106R01487; 5901741459759; 151.51
19.09.2024 21:27:47; Ti-LH4127X; 5901741453054; 131.93
19.09.2024 21:27:47; Ti-LH5942AN; 5901741451340; 112.02
19.09.2024 21:27:47; Ti-LL60F2000; 5901741452262; 61.64
19.09.2024 21:27:47; Ti-LH507BKXN; 5901741450923; 144.48
19.09.2024 21:27:47; Ti-LH390XN; 5901741451081; 132.54
19.09.2024 21:27:47; Ti-LL50F2H00B; 5901741451197; 70.47
19.09.2024 21:27:47; Ti-LH5942XN; 5901741450961; 185.81
19.09.2024 21:27:47; Ti-LB328CX; 5901741455164; 136.90
19.09.2024 21:27:47; Ti-LH255A; 5901741451050; 135.89
19.09.2024 21:27:47; Ti-LX106R02306; 5901741459766; 157.73
19.09.2024 21:27:47; Ti-LL360; 5901741451661; 93.20
19.09.2024 21:27:47; Ti-LH7581A; 5901741452545; 142.51
19.09.2024 21:27:47; Ti-LH7582A; 5901741452781; 142.51
19.09.2024 21:27:47; Ti-LHF281XXN; 5901741459575; 148.26
19.09.2024 21:27:47; Ti-LL50F2X00; 5901741453313; 84.40
19.09.2024 21:27:47; Ti-LH7561A; 5901741455171; 142.84
19.09.2024 21:27:47; Ti-LH7563A; 5901741455898; 142.84
19.09.2024 21:27:47; Ti-LH6471A; 5901741451944; 151.35
19.09.2024 21:27:47; Ti-LH6472A; 5901741452033; 151.35
19.09.2024 21:27:47; Ti-LH6473A; 5901741452132; 153.40
19.09.2024 21:27:47; Ti-LL60F2H00; 5901741451876; 134.25
19.09.2024 21:27:47; Ti-LH508BXN; 5901741458226; 184.97
19.09.2024 21:27:47; Ti-LH2671A; 5901741454556; 164.95
19.09.2024 21:27:47; Ti-LH2672A; 5901741453825; 137.26
19.09.2024 21:27:47; Ti-LH508CXN; 5901741458233; 146.51
19.09.2024 21:27:47; Ti-LH508MXN; 5901741458257; 146.51
19.09.2024 21:27:47; Ti-LH508YXN; 5901741458240; 146.51
19.09.2024 21:27:47; Ti-LH255X; 5901741453238; 230.32
19.09.2024 21:27:47; Ti-LH5942A; 5901741459728; 200.83
19.09.2024 21:27:47; Ti-LL51B2H00; 5901741459803; 117.24
19.09.2024 21:27:47; Ti-LS307E; 5901741460496; 284.03
19.09.2024 21:27:47; Ti-LL50F2U00; 5901741454686; 117.24
19.09.2024 21:27:47; Ti-LH364X; 5901741451807; 199.62
19.09.2024 21:27:47; Ti-LH7562A; 5901741454228; 118.97
19.09.2024 21:27:47; Ti-LL460; 5901741452330; 241.99
19.09.2024 21:27:47; Ti-LH508CN; 5901741458196; 164.38
19.09.2024 21:27:47; Ti-LH508MN; 5901741458219; 163.63
19.09.2024 21:27:47; Ti-LH508YN; 5901741458202; 163.63
19.09.2024 21:27:47; Ti-LL650; 5901741451029; 394.78
19.09.2024 21:27:47; Ti-LL51B2X00; 5901741459810; 385.80
19.09.2024 21:27:47; Ti-LL702B; 5901741460540; 617.31
19.09.2024 21:27:47; AS-LH285AN; 5901741400492; 74.94
19.09.2024 21:27:47; Ti-LH2612XN; 5901741450787; 34.88
19.09.2024 21:27:47; AS-LH505AN; 5901741400058; 99.85
19.09.2024 21:27:47; AS-LH7553AN; 5901741400393; 99.33
19.09.2024 21:27:47; AS-LH364AN; 5901741400430; 176.60
19.09.2024 21:27:47; AS-LH364XN; 5901741400447; 222.99
19.09.2024 21:27:47; AS-LH280AN; 5901741400478; 84.94
19.09.2024 21:27:47; AS-LH280XN; 5901741400485; 108.89
19.09.2024 21:27:47; AS-LH390AN; 5901741400508; 219.06
19.09.2024 21:27:47; AS-LH390XN; 5901741400515; 306.55
19.09.2024 21:27:47; AS-LH6000A; 5901741400577; 235.40
19.09.2024 21:27:47; AS-LH2673A; 5901741400874; 174.72
19.09.2024 21:27:47; AS-LH5951A; 5901741401123; 510.95
19.09.2024 21:27:47; AS-LH541AN; 5901741401222; 106.90
19.09.2024 21:27:47; AS-LH543AN; 5901741401246; 106.90
19.09.2024 21:27:47; AS-LH542AN; 5901741401260; 106.90
19.09.2024 21:27:47; AS-LH2610AN; 5901741400102; 178.71
19.09.2024 21:27:47; AS-LH2613AN; 5901741400157; 114.40
19.09.2024 21:27:47; AS-LH2613XN; 5901741400171; 117.49
19.09.2024 21:27:47; AS-LH7115AN; 5901741400195; 98.35
19.09.2024 21:27:47; AS-LH7115XN; 5901741400218; 117.16
19.09.2024 21:27:47; AS-LH311AN; 5901741400805; 86.85
19.09.2024 21:27:47; AS-LH312AN; 5901741400829; 86.85
19.09.2024 21:27:47; AS-LH313AN; 5901741400843; 84.34
19.09.2024 21:27:47; AS-LH251AN; 5901741400928; 238.23
19.09.2024 21:27:47; AS-LH252AN; 5901741400966; 238.23
19.09.2024 21:27:47; AS-LH540AN; 5901741401208; 110.59
19.09.2024 21:27:47; AS-LH320AN; 5901741401284; 106.90
19.09.2024 21:27:47; AS-LH321AN; 5901741401307; 106.90
19.09.2024 21:27:47; AS-LH322AN; 5901741401321; 106.90
19.09.2024 21:27:47; AS-LH323AN; 5901741401345; 106.90
19.09.2024 21:27:47; AS-LB2120N; 5901741401437; 78.95
19.09.2024 21:27:47; AS-LB2000N; 5901741401444; 42.62
19.09.2024 21:27:47; AS-LB2005N; 5901741401451; 67.13
19.09.2024 21:27:47; AS-LB2110N; 5901741401468; 76.21
19.09.2024 21:27:47; AS-LH7551AN; 5901741400362; 196.59
19.09.2024 21:27:47; AS-LH7551XN; 5901741400386; 227.91
19.09.2024 21:27:47; AS-LB3060BN; 5901741401697; 85.85
19.09.2024 21:27:47; AS-LB325BK; 5901741401703; 121.40
19.09.2024 21:27:47; AS-LB325C; 5901741401710; 122.69
19.09.2024 21:27:47; AS-LB325M; 5901741401727; 119.45
19.09.2024 21:27:47; AS-LB325Y; 5901741401734; 121.40
19.09.2024 21:27:47; AS-LB2210N; 5901741401772; 67.13
19.09.2024 21:27:47; AS-LB3170N; 5901741401789; 103.63
19.09.2024 21:27:47; AS-LB6600; 5901741401802; 134.17
19.09.2024 21:27:47; AS-LS4072Y; 5901741402113; 171.77
19.09.2024 21:27:47; AS-LS4092BK; 5901741402168; 162.99
19.09.2024 21:27:47; AS-LH255XN; 5901741404506; 178.30
19.09.2024 21:27:47; AS-LH255AN; 5901741404292; 154.52
19.09.2024 21:27:47; AS-LB2220N; 5901741404377; 74.65
19.09.2024 21:27:47; AS-LH530AN; 5901741401352; 119.95
19.09.2024 21:27:47; AS-LH531AN; 5901741401369; 123.08
19.09.2024 21:27:47; AS-LH532AN; 5901741401383; 119.95
19.09.2024 21:27:47; AS-LH533AN; 5901741401376; 123.08
19.09.2024 21:27:47; AS-LB3130N; 5901741401475; 94.21
19.09.2024 21:27:47; AS-LB135BK; 5901741401499; 134.35
19.09.2024 21:27:47; AS-LB135C; 5901741401512; 151.96
19.09.2024 21:27:47; AS-LB135M; 5901741401536; 151.96
19.09.2024 21:27:47; AS-LB135Y; 5901741401550; 151.96
19.09.2024 21:27:47; AS-LB3280N; 5901741401796; 101.87
19.09.2024 21:27:47; AS-LH7516AN; 5901741405312; 260.71
19.09.2024 21:27:47; AS-LH250XN; 5901741405138; 238.23
19.09.2024 21:27:47; AS-LB4100BK; 5901741406937; 98.09
19.09.2024 21:27:47; AS-LL260; 5901741404568; 286.50
19.09.2024 21:27:47; AS-LB230BKN; 5901741401628; 108.97
19.09.2024 21:27:47; AS-LB230CN; 5901741401642; 120.25
19.09.2024 21:27:47; AS-LB230MN; 5901741401666; 80.28
19.09.2024 21:27:47; AS-LB230YN; 5901741401680; 80.28
19.09.2024 21:27:47; AS-LH212Y; 5901741404766; 174.82
19.09.2024 21:27:47; AS-LB1030N; 5901741405411; 57.33
19.09.2024 21:27:47; AS-LB3330N; 5901741405503; 110.79
19.09.2024 21:27:47; AS-LB3380N; 5901741405510; 98.95
19.09.2024 21:27:47; AS-LB3390N; 5901741405527; 116.94
19.09.2024 21:27:47; AS-LB328MX; 5901741406869; 161.87
19.09.2024 21:27:47; AS-LB328YX; 5901741406876; 171.77
19.09.2024 21:27:47; AS-LH1338AN; 5901741406883; 226.27
19.09.2024 21:27:47; AS-LB2310BN; 5901741406630; 60.01
19.09.2024 21:27:47; AS-LB2320BN; 5901741406647; 74.54
19.09.2024 21:27:47; AS-LK590CN; 5901741406678; 101.81
19.09.2024 21:27:47; AS-LK590MN; 5901741406685; 101.81
19.09.2024 21:27:47; AS-LK590YN; 5901741406692; 101.81
19.09.2024 21:27:47; AS-LB325BN; 5901741402472; 106.90
19.09.2024 21:27:47; AS-LB325CN; 5901741405817; 105.34
19.09.2024 21:27:47; AS-LB325MN; 5901741405824; 106.90
19.09.2024 21:27:47; AS-LB325YN; 5901741405886; 105.34
19.09.2024 21:27:47; AS-LL60F2H00N; 5901741406906; 203.95
19.09.2024 21:27:47; AS-LH411CN; 5901741406142; 123.08
19.09.2024 21:27:47; AS-LH410XN; 5901741406135; 133.78
19.09.2024 21:27:47; AS-LH412YN; 5901741406159; 123.08
19.09.2024 21:27:47; AS-LH413MN; 5901741406166; 123.08
19.09.2024 21:27:47; AS-LL50F2X00N; 5901741407330; 229.26
19.09.2024 21:27:47; AS-LX106R02778N; 5901741407279; 121.19
19.09.2024 21:27:47; AS-LX106R02775N; 5901741407286; 117.67
19.09.2024 21:27:47; AS-LX106R02773N; 5901741407293; 101.87
19.09.2024 21:27:47; AS-LH390BK; 5901741406463; 218.47
19.09.2024 21:27:47; AS-LH380X; 5901741408085; 261.88
19.09.2024 21:27:47; AS-LB326BN; 5901741407521; 103.28
19.09.2024 21:27:47; AS-LB326CN; 5901741407538; 103.28
19.09.2024 21:27:47; AS-LB326MN; 5901741407545; 101.77
19.09.2024 21:27:47; AS-LB326YN; 5901741407552; 101.77
19.09.2024 21:27:47; AS-LH350AN; 5901741405459; 88.76
19.09.2024 21:27:47; AS-LH351AN; 5901741405466; 88.76
19.09.2024 21:27:47; AS-LH352AN; 5901741405473; 88.76
19.09.2024 21:27:47; AS-LH353AN; 5901741406289; 88.76
19.09.2024 21:27:47; AS-LH508CN; 5901741408559; 227.95
19.09.2024 21:27:47; AS-PLH280AN; 5901741408818; 90.18
19.09.2024 21:27:47; AS-PLH280XN; 5901741408825; 112.22
19.09.2024 21:27:47; AS-LS660Y; 5901741410446; 231.89
19.09.2024 21:27:47; AS-LB3430BN; 5901741409846; 97.83
19.09.2024 21:27:47; AS-LB3480BXN; 5901741409853; 110.65
19.09.2024 21:27:47; AS-LLX264BX; 5901741410521; 444.26
19.09.2024 21:27:47; AS-LC706A; 5901741410989; 141.15
19.09.2024 21:27:47; AS-LL430A; 5901741411184; 312.47
19.09.2024 21:27:47; AS-LH5942AN; 5901741411047; 249.23
19.09.2024 21:27:47; AS-LH5942XN; 5901741411054; 239.65
19.09.2024 21:27:47; AS-LO432N; 5901741410972; 168.10
19.09.2024 21:27:47; AS-LH650B; 5901741411702; 427.22
19.09.2024 21:27:47; AS-LO432A; 5901741411931; 299.11
19.09.2024 21:27:47; AS-LC731BN; 5901741412273; 106.90
19.09.2024 21:27:47; AS-LC731CN; 5901741412280; 107.63
19.09.2024 21:27:47; AS-LC731MN; 5901741412297; 107.63
19.09.2024 21:27:47; AS-LC731YN; 5901741412303; 106.90
19.09.2024 21:27:47; AS-LH210XN; 5901741405572; 117.73
19.09.2024 21:27:47; AS-LH211CN; 5901741412488; 117.73
19.09.2024 21:27:47; AS-LH212YN; 5901741412495; 117.73
19.09.2024 21:27:47; AS-LH213MN; 5901741412501; 117.73
19.09.2024 21:27:47; AS-LH381CN; 5901741406388; 123.08
19.09.2024 21:27:47; AS-LH382YN; 5901741406395; 123.08
19.09.2024 21:27:47; AS-LH383MN; 5901741406401; 123.08
19.09.2024 21:27:47; AS-LB321B; 5901741413249; 203.95
19.09.2024 21:27:47; AS-LB321C; 5901741413256; 203.95
19.09.2024 21:27:47; AS-LB321M; 5901741413263; 203.95
19.09.2024 21:27:47; AS-LB321Y; 5901741413270; 203.95
19.09.2024 21:27:47; AS-LHF410X; 5901741413140; 465.43
19.09.2024 21:27:47; AS-LH287BXN; 5901741409648; 233.09
19.09.2024 21:27:47; AS-LX106R01415N; 5901741412693; 156.22
19.09.2024 21:27:47; AS-LB3230; 5901741413980; 195.10
19.09.2024 21:27:47; AS-LH214BN; 5901741413553; 377.73
19.09.2024 21:27:47; AS-LH260A; 5901741400652; 220.85
19.09.2024 21:27:47; AS-LH260AN; 5901741400669; 329.10
19.09.2024 21:27:47; AS-LH261AN; 5901741400683; 212.67
19.09.2024 21:27:47; AS-LH262AN; 5901741400706; 212.67
19.09.2024 21:27:47; AS-LH263A; 5901741400713; 359.11
19.09.2024 21:27:47; AS-LHF410C; 5901741413522; 352.80
19.09.2024 21:27:47; AS-LHF410Y; 5901741413539; 374.95
19.09.2024 21:27:47; AS-LHF410M; 5901741413546; 307.01
19.09.2024 21:27:47; AS-LO3300M; 5901741414048; 105.27
19.09.2024 21:27:47; AS-LB1090N; 5901741414178; 60.94
19.09.2024 21:27:47; AS-LK1160N; 5901741413508; 95.11
19.09.2024 21:27:47; AS-LK1150N; 5901741413331; 88.76
19.09.2024 21:27:47; AS-LK1170N; 5901741413348; 110.65
19.09.2024 21:27:47; AS-LX106R02236B; 5901741414666; 117.93
19.09.2024 21:27:47; AS-LK540BN; 5901741413027; 154.27
19.09.2024 21:27:47; AS-LHF205CN; 5901741414192; 111.95
19.09.2024 21:27:47; AS-LHF205YN; 5901741414208; 111.95
19.09.2024 21:27:47; AS-LB423BN; 5901741415151; 139.82
19.09.2024 21:27:47; AS-LB423CN; 5901741415168; 137.36
19.09.2024 21:27:47; AS-LB423MN; 5901741415175; 137.36
19.09.2024 21:27:47; AS-LB423YN; 5901741415182; 137.36
19.09.2024 21:27:47; AS-LB2411N; 5901741415717; 82.42
19.09.2024 21:27:47; AS-LB2421N; 5901741415724; 91.74
19.09.2024 21:27:47; AS-LB023N; 5901741416004; 64.77
19.09.2024 21:27:47; AS-LB247BN; 5901741415946; 128.44
19.09.2024 21:27:47; AS-LB247CN; 5901741415953; 128.55
19.09.2024 21:27:47; AS-LB247MN; 5901741415960; 128.44
19.09.2024 21:27:47; AS-LB247YN; 5901741415977; 128.55
19.09.2024 21:27:47; AS-LB3520N; 5901741416066; 151.12
19.09.2024 21:27:47; AS-LB3512N; 5901741416059; 133.78
19.09.2024 21:27:47; AS-LO612B; 5901741416981; 313.23
19.09.2024 21:27:47; AS-LO612C; 5901741416998; 578.69
19.09.2024 21:27:47; AS-LO612Y; 5901741417018; 578.69
19.09.2024 21:27:47; AS-LO511A; 5901741416103; 402.75
19.09.2024 21:27:47; AS-LC54BXN; 5901741416110; 123.08
19.09.2024 21:27:47; AS-LC54MXN; 5901741416134; 123.08
19.09.2024 21:27:47; AS-LC54CXN; 5901741416127; 123.08
19.09.2024 21:27:47; AS-LC54YXN; 5901741416141; 123.19
19.09.2024 21:27:47; AS-LK3190N; 5901741415496; 221.09
19.09.2024 21:27:47; AS-CR301N; 5901741415854; 88.76
19.09.2024 21:27:47; Ti-LB230CN; 5901741452859; 42.10
19.09.2024 21:27:47; Ti-LB230MN; 5901741452873; 42.10
19.09.2024 21:27:47; Ti-LB230YN; 5901741452729; 42.48
19.09.2024 21:27:47; Ti-LLX651BX; 5901741459056; 444.29
19.09.2024 21:27:47; AS-LH2624X; 5901741405893; 130.08
19.09.2024 21:27:47; AS-LO721B; 5901741411993; 787.94
19.09.2024 21:27:47; AS-LH1106AN; 5901741406654; 122.42
19.09.2024 21:27:47; AS-LH2070AN; 5901741417629; 139.82
19.09.2024 21:27:47; AS-LH2071AN; 5901741417636; 139.82
19.09.2024 21:27:47; AS-LH2072AN; 5901741417643; 148.02
19.09.2024 21:27:47; AS-LH2073AN; 5901741417650; 139.82
19.09.2024 21:27:47; Ti-LH351AN; 5901741457281; 41.35
19.09.2024 21:27:47; Ti-LH352AN; 5901741457298; 43.73
19.09.2024 21:27:47; Ti-LH1106AN; 5901741459834; 50.94
19.09.2024 21:27:47; Ti-LH2071AN; 5901741460618; 68.47
19.09.2024 21:27:47; Ti-LH2073AN; 5901741460632; 68.47
19.09.2024 21:27:47; AS-LH508YN; 5901741408566; 227.95
19.09.2024 21:27:47; AS-LB3300DN; 5901741405497; 109.81
19.09.2024 21:27:47; AS-LB2200DN; 5901741406722; 95.17
19.09.2024 21:27:47; AS-LB3100DN; 5901741406753; 116.91
19.09.2024 21:27:47; AS-LB3200DN; 5901741406739; 115.68
19.09.2024 21:27:47; AS-LB2000DN; 5901741406746; 86.78
19.09.2024 21:27:47; AS-LO430DN; 5901741407491; 301.99
19.09.2024 21:27:47; AS-LB2300DN; 5901741409488; 94.18
19.09.2024 21:27:47; AS-LS116D; 5901741410163; 200.99
19.09.2024 21:27:47; AS-LODB411; 5901741410583; 307.31
19.09.2024 21:27:47; AS-LH126D; 5901741411191; 221.35
19.09.2024 21:27:47; AS-LH122D; 5901741411559; 274.02
19.09.2024 21:27:47; AS-LL250D; 5901741411566; 100.59
19.09.2024 21:27:47; AS-LL50F0Z00D; 5901741410927; 289.59
19.09.2024 21:27:47; AS-LB1030DN; 5901741405428; 93.88
19.09.2024 21:27:47; AS-LS116DN; 5901741410347; 100.96
19.09.2024 21:27:47; AS-LO410DN; 5901741412013; 214.60
19.09.2024 21:27:47; AS-LO411DN; 5901741407507; 322.36
19.09.2024 21:27:47; AS-LL260D; 5901741413065; 161.08
19.09.2024 21:27:47; AS-LB2100DN; 5901741412891; 103.42
19.09.2024 21:27:47; AS-LO5650DB; 5901741413676; 214.09
19.09.2024 21:27:47; AS-LO5650DC; 5901741413683; 214.09
19.09.2024 21:27:47; AS-LO5650DM; 5901741413690; 214.09
19.09.2024 21:27:47; AS-LO5650DY; 5901741413706; 231.99
19.09.2024 21:27:47; AS-LO5850DB; 5901741413713; 180.99
19.09.2024 21:27:47; AS-LO5850DC; 5901741413720; 180.99
19.09.2024 21:27:47; AS-LO5850DM; 5901741413737; 180.99
19.09.2024 21:27:47; AS-LO5850DY; 5901741413744; 180.99
19.09.2024 21:27:47; AS-LO5308DB; 5901741413751; 239.74
19.09.2024 21:27:47; AS-LO5307DC; 5901741413768; 248.00
19.09.2024 21:27:47; AS-LO5306DM; 5901741413775; 248.00
19.09.2024 21:27:47; AS-LO5305DY; 5901741413782; 248.00
19.09.2024 21:27:47; AS-LO810DY; 5901741413829; 159.26
19.09.2024 21:27:47; AS-LO401D; 5901741413997; 251.07
19.09.2024 21:27:47; AS-LB3400D; 5901741414727; 254.63
19.09.2024 21:27:47; AS-LHF232DN; 5901741414116; 110.60
19.09.2024 21:27:47; AS-LO5600DB; 5901741414413; 243.99
19.09.2024 21:27:47; AS-LO5600DC; 5901741414420; 243.99
19.09.2024 21:27:47; AS-LO5600DM; 5901741414437; 243.99
19.09.2024 21:27:47; AS-LO5600DY; 5901741414444; 243.99
19.09.2024 21:27:47; AS-LO5800DB; 5901741414451; 243.99
19.09.2024 21:27:47; AS-LO5800DC; 5901741414468; 243.99
19.09.2024 21:27:47; AS-LO5800DM; 5901741414475; 243.99
19.09.2024 21:27:47; AS-LO5800DY; 5901741414482; 239.99
19.09.2024 21:27:47; AS-LS6555D; 5901741414833; 731.99
19.09.2024 21:27:47; AS-LHF219DN; 5901741414109; 84.60
19.09.2024 21:27:47; AS-LB2401DN; 5901741415731; 123.54
19.09.2024 21:27:47; AS-LD2230B; 5901741417315; 221.99
19.09.2024 21:27:47; AS-LH384B; 5901741416615; 276.99
19.09.2024 21:27:47; AS-LH385C; 5901741416622; 635.99
19.09.2024 21:27:47; AS-LH387M; 5901741416639; 635.99
19.09.2024 21:27:47; AS-LH386Y; 5901741416646; 635.99
19.09.2024 21:27:47; AS-LH358B; 5901741416660; 336.99
19.09.2024 21:27:47; AS-LH359C; 5901741416677; 845.99
19.09.2024 21:27:47; AS-LH365M; 5901741416684; 845.99
19.09.2024 21:27:47; AS-LH364Y; 5901741416691; 845.99
19.09.2024 21:27:47; AS-LB1090DN; 5901741417834; 103.42
19.09.2024 21:27:47; AS-LP84; 5901741413195; 296.56
19.09.2024 21:27:47; AS-LP86; 5901741414734; 234.13
19.09.2024 21:27:47; Ti-LB2000DN; 5901741453870; 61.86
19.09.2024 21:27:47; Ti-LB3200DN; 5901741452989; 61.90
19.09.2024 21:27:47; Ti-LB3300DN; 5901741452293; 56.90
19.09.2024 21:27:47; Ti-LL260D; 5901741459612; 122.10
19.09.2024 21:27:47; Ti-LB3100DN; 5901741453542; 61.70
19.09.2024 21:27:47; Ti-LB2300DN; 5901741459117; 44.83
19.09.2024 21:27:47; Ti-LB2401DN; 5901741459841; 49.89
19.09.2024 21:27:47; Ti-LH122D; 5901741460533; 161.99
19.09.2024 21:27:47; Ti-LO411D; 5901741460557; 218.90
19.09.2024 21:27:47; Ti-LB023DN; 5901741460564; 94.90
19.09.2024 21:27:47; Ti-LB2200DN; 5901741451548; 42.59
19.09.2024 21:27:47; AS-LH4129X; 5901741404513; 269.95
19.09.2024 21:27:47; AS-LD2335; 5901741405152; 242.80
19.09.2024 21:27:47; AS-LX106R01159A; 5901741411658; 151.33
19.09.2024 21:27:47; AS-LX106R02233C; 5901741414673; 117.93
19.09.2024 21:27:47; AS-LX106R02234M; 5901741414680; 163.02
19.09.2024 21:27:47; AS-LX106R02235Y; 5901741414697; 117.93
19.09.2024 21:27:47; AS-LO612M; 5901741417001; 408.76
19.09.2024 21:27:47; Ti-LK1140N; 5901741451258; 38.59
19.09.2024 21:27:47; Ti-LHF281AN; 5901741453979; 93.20
19.09.2024 21:27:47; Ti-LK3130N; 5901741457434; 105.24
19.09.2024 21:27:47; Ti-LX106R02773N; 5901741457670; 42.90
19.09.2024 21:27:47; Ti-LH508BN; 5901741458189; 156.37
19.09.2024 21:27:47; Ti-LB3430BN; 5901741459476; 42.08
19.09.2024 21:27:47; Ti-LC46YXN; 5901741460168; 53.75
19.09.2024 21:27:47; Ti-LB247BN; 5901741460212; 37.57
19.09.2024 21:27:47; Ti-LB247CN; 5901741460229; 38.13
19.09.2024 21:27:47; Ti-LB247MN; 5901741460236; 37.67
19.09.2024 21:27:47; Ti-LB247YN; 5901741460243; 37.67
19.09.2024 21:27:47; Ti-LB3512N; 5901741460304; 52.66
19.09.2024 21:27:47; Ti-LB3520N; 5901741460311; 67.08
19.09.2024 21:27:47; Ti-LC52N; 5901741460649; 52.67
19.09.2024 21:27:47; Ti-LC52XN; 5901741460656; 68.54
19.09.2024 21:27:47; Ti-LK1160N; 5901741460663; 39.06
19.09.2024 21:27:47; Ti-LK1170N; 5901741460670; 57.45
19.09.2024 21:27:47; Ti-LK3160N; 5901741460687; 52.67
19.09.2024 21:27:47; Ti-LHF219DN; 5901741460724; 56.31
19.09.2024 21:27:47; Ti-LHF232DN; 5901741460731; 57.71
19.09.2024 21:27:47; Ti-LHF203BXN; 5901741460748; 64.94
19.09.2024 21:27:47; Ti-LHF203CXN; 5901741460755; 64.94
19.09.2024 21:27:47; Ti-LHF203MXN; 5901741460762; 64.94
19.09.2024 21:27:47; Ti-LHF203YXN; 5901741460779; 64.94
19.09.2024 21:27:47; Ti-LK1125N; 5901741460786; 26.79
19.09.2024 21:27:47; Ti-LK1150N; 5901741460793; 43.85
19.09.2024 21:27:47; Ti-LK3190N; 5901741460809; 81.21
19.09.2024 21:27:47; AS-B985BK; 5901741403257; 16.75
19.09.2024 21:27:47; AS-H10; 5901741402403; 35.67
19.09.2024 21:27:47; AS-H11C; 5901741402410; 26.99
19.09.2024 21:27:47; AS-H11Y; 5901741402434; 30.99
19.09.2024 21:27:47; AS-H15; 5901741402458; 127.60
19.09.2024 21:27:47; AS-H17; 5901741402465; 86.93
19.09.2024 21:27:47; AS-H21XL; 5901741402496; 59.98
19.09.2024 21:27:47; AS-H22XL; 5901741402502; 92.99
19.09.2024 21:27:47; AS-H27; 5901741402526; 54.16
19.09.2024 21:27:47; AS-H300XLBK; 5901741402571; 98.15
19.09.2024 21:27:47; AS-H336BK; 5901741402595; 47.09
19.09.2024 21:27:47; AS-H337; 5901741402601; 54.16
19.09.2024 21:27:47; AS-H338; 5901741402618; 50.71
19.09.2024 21:27:47; AS-H339; 5901741402625; 41.14
19.09.2024 21:27:47; AS-H342; 5901741402632; 55.92
19.09.2024 21:27:47; AS-H343; 5901741402649; 57.49
19.09.2024 21:27:47; AS-H344; 5901741402656; 63.39
19.09.2024 21:27:47; AS-H351XL; 5901741402694; 65.13
19.09.2024 21:27:47; AS-H363Y; 5901741402755; 28.77
19.09.2024 21:27:47; AS-H45; 5901741402762; 138.95
19.09.2024 21:27:47; AS-H56; 5901741402793; 48.97
19.09.2024 21:27:47; AS-H57; 5901741402809; 88.01
19.09.2024 21:27:47; AS-H703BK; 5901741402823; 116.70
19.09.2024 21:27:47; AS-H88XL; 5901741402861; 25.06
19.09.2024 21:27:47; AS-H88C; 5901741402878; 25.81
19.09.2024 21:27:47; AS-H88Y; 5901741402892; 25.06
19.09.2024 21:27:47; AS-H301BKXL; 5901741402939; 94.65
19.09.2024 21:27:47; AS-H350XL; 5901741402953; 74.77
19.09.2024 21:27:47; AS-H940MXL; 5901741403059; 44.74
19.09.2024 21:27:47; AS-H940XL; 5901741403066; 39.99
19.09.2024 21:27:47; AS-H940YXL; 5901741403073; 34.96
19.09.2024 21:27:47; AS-B1000BK; 5901741403080; 14.99
19.09.2024 21:27:47; AS-B1000C; 5901741403097; 16.24
19.09.2024 21:27:47; AS-B1000M; 5901741403103; 16.24
19.09.2024 21:27:47; AS-B1000Y; 5901741403110; 16.24
19.09.2024 21:27:47; AS-B900C; 5901741403134; 14.99
19.09.2024 21:27:47; AS-B900M; 5901741403141; 14.99
19.09.2024 21:27:47; AS-B900Y; 5901741403158; 14.99
19.09.2024 21:27:47; AS-B1100/980BK; 5901741403202; 16.24
19.09.2024 21:27:47; AS-B1100/980C; 5901741403219; 16.24
19.09.2024 21:27:47; AS-B1100/980M; 5901741403233; 16.24
19.09.2024 21:27:47; AS-B1100/980Y; 5901741403240; 16.24
19.09.2024 21:27:47; AS-B985M; 5901741403264; 16.75
19.09.2024 21:27:47; AS-B985Y; 5901741403271; 16.75
19.09.2024 21:27:47; AS-B985C; 5901741403288; 16.75
19.09.2024 21:27:47; AS-C40BK; 5901741403417; 94.34
19.09.2024 21:27:47; AS-C41COL; 5901741403424; 75.15
19.09.2024 21:27:47; AS-C5BK; 5901741403431; 12.96
19.09.2024 21:27:47; AS-C520BK; 5901741403462; 16.64
19.09.2024 21:27:47; AS-C521BK; 5901741403479; 16.64
19.09.2024 21:27:47; AS-C521C; 5901741403486; 16.64
19.09.2024 21:27:47; AS-C521M; 5901741403493; 16.64
19.09.2024 21:27:47; AS-C521Y; 5901741403509; 16.64
19.09.2024 21:27:47; AS-C8BK; 5901741403554; 17.36
19.09.2024 21:27:47; AS-C8C; 5901741403561; 14.99
19.09.2024 21:27:47; AS-C8M; 5901741403578; 17.36
19.09.2024 21:27:47; AS-C8Y; 5901741403585; 17.36
19.09.2024 21:27:47; AS-C525BK; 5901741403622; 17.26
19.09.2024 21:27:47; AS-C526BK; 5901741403639; 17.26
19.09.2024 21:27:47; AS-C526C; 5901741403646; 17.26
19.09.2024 21:27:47; AS-C526M; 5901741403660; 17.26
19.09.2024 21:27:47; AS-C526Y; 5901741403677; 17.26
19.09.2024 21:27:47; AS-E442C; 5901741403790; 13.50
19.09.2024 21:27:47; AS-E6114BK; 5901741403868; 14.99
19.09.2024 21:27:47; AS-E6124C; 5901741403875; 12.54
19.09.2024 21:27:47; AS-E6134M; 5901741403882; 8.94
19.09.2024 21:27:47; AS-E6144Y; 5901741403899; 14.99
19.09.2024 21:27:47; AS-E711BK; 5901741403905; 19.10
19.09.2024 21:27:47; AS-E712C; 5901741403912; 19.10
19.09.2024 21:27:47; AS-E713M; 5901741403929; 19.10
19.09.2024 21:27:47; AS-E714Y; 5901741403936; 19.10
19.09.2024 21:27:47; AS-E1281BK; 5901741404018; 21.65
19.09.2024 21:27:47; AS-E1282C; 5901741404025; 21.65
19.09.2024 21:27:47; AS-E1283M; 5901741404032; 21.65
19.09.2024 21:27:47; AS-E1284Y; 5901741404049; 21.65
19.09.2024 21:27:47; AS-E1291BK; 5901741404063; 21.65
19.09.2024 21:27:47; AS-E1292C; 5901741404070; 21.65
19.09.2024 21:27:47; AS-E1293M; 5901741404087; 21.65
19.09.2024 21:27:47; AS-E1294Y; 5901741404094; 21.65
19.09.2024 21:27:47; AS-L70BK; 5901741404216; 36.74
19.09.2024 21:27:47; AS-B1280BKXL; 5901741404414; 25.65
19.09.2024 21:27:47; AS-B1280CXL; 5901741404421; 20.10
19.09.2024 21:27:47; AS-B1280MXL; 5901741404438; 20.10
19.09.2024 21:27:47; AS-B1280YXL; 5901741404445; 18.40
19.09.2024 21:27:47; AS-H901BKXL; 5901741404780; 92.99
19.09.2024 21:27:47; AS-B1240BXL; 5901741404896; 17.25
19.09.2024 21:27:47; AS-B1240CXL; 5901741404902; 17.25
19.09.2024 21:27:47; AS-B1240MXL; 5901741404919; 17.25
19.09.2024 21:27:47; AS-B1240YXL; 5901741404926; 17.25
19.09.2024 21:27:47; AS-C550BK; 5901741404933; 17.68
19.09.2024 21:27:47; AS-C551BK; 5901741404940; 17.68
19.09.2024 21:27:47; AS-C551C; 5901741404957; 22.02
19.09.2024 21:27:47; AS-C551M; 5901741404964; 22.02
19.09.2024 21:27:47; AS-C551Y; 5901741404971; 22.02
19.09.2024 21:27:47; AS-B127BK; 5901741404995; 33.57
19.09.2024 21:27:47; AS-B125C; 5901741405008; 33.57
19.09.2024 21:27:47; AS-B125M; 5901741405015; 32.37
19.09.2024 21:27:47; AS-B125Y; 5901741405022; 32.37
19.09.2024 21:27:47; AS-E18BK; 5901741405039; 21.65
19.09.2024 21:27:47; AS-E18C; 5901741405046; 21.65
19.09.2024 21:27:47; AS-E18M; 5901741405053; 21.65
19.09.2024 21:27:47; AS-E18Y; 5901741405060; 21.65
19.09.2024 21:27:47; AS-E16BK; 5901741405077; 20.46
19.09.2024 21:27:47; AS-E16C; 5901741405084; 20.46
19.09.2024 21:27:47; AS-E16M; 5901741405091; 20.46
19.09.2024 21:27:47; AS-E16Y; 5901741405107; 20.46
19.09.2024 21:27:47; AS-H23; 5901741405275; 73.62
19.09.2024 21:27:47; AS-B123BK; 5901741406098; 26.18
19.09.2024 21:27:47; AS-B123C; 5901741406104; 26.18
19.09.2024 21:27:47; AS-B123M; 5901741406111; 24.99
19.09.2024 21:27:47; AS-B123Y; 5901741406128; 26.18
19.09.2024 21:27:47; AS-B529BXL; 5901741406425; 18.96
19.09.2024 21:27:47; AS-B525CXL; 5901741406432; 18.96
19.09.2024 21:27:47; AS-B525MXL; 5901741406449; 17.99
19.09.2024 21:27:47; AS-B525YXL; 5901741406456; 17.99
19.09.2024 21:27:47; AS-C2500BXN; 5901741406968; 62.93
19.09.2024 21:27:47; AS-C2500CXN; 5901741406975; 62.93
19.09.2024 21:27:47; AS-C2500MXN; 5901741406982; 62.93
19.09.2024 21:27:47; AS-C2500YXN; 5901741406999; 62.93
19.09.2024 21:27:47; AS-C1500BXN; 5901741407002; 56.09
19.09.2024 21:27:47; AS-C1500CXN; 5901741407019; 56.09
19.09.2024 21:27:47; AS-C1500MXN; 5901741407026; 56.09
19.09.2024 21:27:47; AS-C1500YXN; 5901741407033; 56.09
19.09.2024 21:27:47; AS-C42BN; 5901741407040; 31.88
19.09.2024 21:27:47; AS-C42CN; 5901741407057; 31.88
19.09.2024 21:27:47; AS-C42MN; 5901741407064; 34.28
19.09.2024 21:27:47; AS-C42YN; 5901741407071; 34.28
19.09.2024 21:27:47; AS-C42PCN; 5901741407088; 29.60
19.09.2024 21:27:47; AS-C42PMN; 5901741407095; 31.88
19.09.2024 21:27:47; AS-C42GN; 5901741407101; 31.88
19.09.2024 21:27:47; AS-C42LGN; 5901741407118; 31.88
19.09.2024 21:27:47; AS-B229BXN; 5901741407125; 47.47
19.09.2024 21:27:47; AS-B227BXN; 5901741407132; 36.13
19.09.2024 21:27:47; AS-B225CXN; 5901741407149; 34.31
19.09.2024 21:27:47; AS-B225MXN; 5901741407156; 34.31
19.09.2024 21:27:47; AS-B225YXN; 5901741407163; 34.31
19.09.2024 21:27:47; AS-B223BN; 5901741407170; 30.89
19.09.2024 21:27:47; AS-B223CN; 5901741407187; 31.77
19.09.2024 21:27:47; AS-B223MN; 5901741407194; 31.77
19.09.2024 21:27:47; AS-B223YN; 5901741407200; 31.77
19.09.2024 21:27:47; AS-H934BXN; 5901741407576; 62.69
19.09.2024 21:27:47; AS-H935CXN; 5901741407583; 44.05
19.09.2024 21:27:47; AS-H935MXN; 5901741407590; 44.05
19.09.2024 21:27:47; AS-E7011BN; 5901741407613; 41.52
19.09.2024 21:27:47; AS-E7012CN; 5901741407620; 41.52
19.09.2024 21:27:47; AS-E7013MN; 5901741407637; 41.52
19.09.2024 21:27:47; AS-E7014YN; 5901741407644; 41.52
19.09.2024 21:27:47; AS-H302BXL; 5901741407897; 111.88
19.09.2024 21:27:47; AS-H302CMYXL; 5901741407903; 98.89
19.09.2024 21:27:47; AS-L200BXN; 5901741408627; 67.01
19.09.2024 21:27:47; AS-L200CXN; 5901741408634; 67.01
19.09.2024 21:27:47; AS-L200MXN; 5901741408641; 67.01
19.09.2024 21:27:47; AS-L200YXN; 5901741408658; 67.01
19.09.2024 21:27:47; AS-C570BXN; 5901741408924; 24.10
19.09.2024 21:27:47; AS-C571BXN; 5901741408931; 24.10
19.09.2024 21:27:47; AS-C571CXN; 5901741408948; 23.13
19.09.2024 21:27:47; AS-C571MXN; 5901741408955; 23.13
19.09.2024 21:27:47; AS-C571YXN; 5901741408962; 23.13
19.09.2024 21:27:47; AS-C571GXN; 5901741408979; 24.10
19.09.2024 21:27:47; AS-B129BK; 5901741409570; 33.57
19.09.2024 21:27:47; AS-E7891N; 5901741409662; 49.67
19.09.2024 21:27:47; AS-E7892N; 5901741409679; 49.67
19.09.2024 21:27:47; AS-E7894N; 5901741409693; 49.67
19.09.2024 21:27:47; AS-C512BK; 5901741409709; 105.05
19.09.2024 21:27:47; AS-C545BX; 5901741409716; 95.94
19.09.2024 21:27:47; AS-E27BXN; 5901741410484; 26.81
19.09.2024 21:27:47; AS-E27CXN; 5901741410491; 26.99
19.09.2024 21:27:47; AS-E27MXN; 5901741410507; 26.81
19.09.2024 21:27:47; AS-E27YXN; 5901741410514; 26.99
19.09.2024 21:27:47; AS-H950XLBN; 5901741410538; 65.20
19.09.2024 21:27:47; AS-H951XLCN; 5901741410545; 61.58
19.09.2024 21:27:47; AS-H951XLMN; 5901741410552; 61.58
19.09.2024 21:27:47; AS-H951XLYN; 5901741410569; 61.58
19.09.2024 21:27:47; AS-H971XLCN; 5901741410590; 255.90
19.09.2024 21:27:47; AS-H971XLMN; 5901741410606; 255.90
19.09.2024 21:27:47; AS-H82C; 5901741410675; 38.32
19.09.2024 21:27:47; AS-H82M; 5901741410682; 35.67
19.09.2024 21:27:47; AS-H82Y; 5901741410699; 35.67
19.09.2024 21:27:47; AS-E29BXN; 5901741410996; 29.95
19.09.2024 21:27:47; AS-E29CXN; 5901741411009; 29.95
19.09.2024 21:27:47; AS-E29YXN; 5901741411016; 29.95
19.09.2024 21:27:47; AS-E29MXN; 5901741411023; 29.95
19.09.2024 21:27:47; AS-H655BN; 5901741411467; 28.97
19.09.2024 21:27:47; AS-H655CN; 5901741411474; 28.97
19.09.2024 21:27:47; AS-H655MN; 5901741411481; 29.92
19.09.2024 21:27:47; AS-H655YN; 5901741411498; 29.92
19.09.2024 21:27:47; AS-H920BXN; 5901741413430; 37.74
19.09.2024 21:27:47; AS-H932BXN; 5901741413454; 55.90
19.09.2024 21:27:47; AS-H933CXN; 5901741413461; 52.41
19.09.2024 21:27:47; AS-H933MXN; 5901741413478; 52.41
19.09.2024 21:27:47; AS-H933YXN; 5901741413485; 52.41
19.09.2024 21:27:47; AS-H364BXN; 5901741414314; 34.76
19.09.2024 21:27:47; AS-H970BXN; 5901741414352; 282.90
19.09.2024 21:27:47; AS-L100BXN; 5901741414369; 16.70
19.09.2024 21:27:47; AS-L100CXN; 5901741414376; 30.37
19.09.2024 21:27:47; AS-L100MXN; 5901741414383; 30.37
19.09.2024 21:27:47; AS-L100YXN; 5901741414390; 30.37
19.09.2024 21:27:47; AS-H913C; 5901741414857; 245.38
19.09.2024 21:27:47; AS-H913M; 5901741414864; 245.38
19.09.2024 21:27:47; AS-H913Y; 5901741414871; 192.23
19.09.2024 21:27:47; AS-H903YX; 5901741414918; 61.63
19.09.2024 21:27:47; AS-H953MX; 5901741414956; 91.78
19.09.2024 21:27:47; AS-H973CX; 5901741414994; 307.96
19.09.2024 21:27:47; AS-H973YX; 5901741415014; 303.51
19.09.2024 21:27:47; AS-C546CX; 5901741415052; 104.81
19.09.2024 21:27:47; AS-C510B; 5901741415199; 94.54
19.09.2024 21:27:47; AS-C511C; 5901741415205; 90.99
19.09.2024 21:27:47; AS-B3617BN; 5901741415564; 35.99
19.09.2024 21:27:47; AS-B3617CN; 5901741415571; 32.55
19.09.2024 21:27:47; AS-B3617MN; 5901741415588; 32.55
19.09.2024 21:27:47; AS-B3617YN; 5901741415595; 32.54
19.09.2024 21:27:47; AS-B3619BXN; 5901741415601; 52.71
19.09.2024 21:27:47; AS-B3619CXN; 5901741415618; 39.99
19.09.2024 21:27:47; AS-B3619MXN; 5901741415625; 39.99
19.09.2024 21:27:47; AS-B3619YXN; 5901741415632; 37.98
19.09.2024 21:27:47; AS-H304BXL; 5901741415694; 89.30
19.09.2024 21:27:47; AS-H304CXL; 5901741415700; 89.30
19.09.2024 21:27:47; AS-H652CMYXL; 5901741415991; 81.60
19.09.2024 21:27:47; AS-C580XXPBN; 5901741417452; 65.79
19.09.2024 21:27:47; AS-C581XXBN; 5901741417469; 59.83
19.09.2024 21:27:47; AS-C581XXCN; 5901741417476; 59.83
19.09.2024 21:27:47; AS-C581XXMN; 5901741417483; 59.83
19.09.2024 21:27:47; AS-C581XXYN; 5901741417490; 59.83
19.09.2024 21:27:47; AS-C581XXPBLN; 5901741417506; 63.56
19.09.2024 21:27:47; Ti-LB230CMYK; ; 215.94
19.09.2024 21:27:47; T_0001627; 5900495137395; 25.94
19.09.2024 21:27:47; T_0001626; 5900495137401; 28.95
19.09.2024 21:27:47; T_0003952; 5900495167484; 33.74
19.09.2024 21:27:47; T_0004916; 5900495179722; 37.35
19.09.2024 21:27:47; T_0009306; 5900495234568; 36.81
19.09.2024 21:27:47; T_0012476; 5900495337207; 28.95
19.09.2024 21:27:47; T_0012936; 5900495352620; 56.59
19.09.2024 21:27:47; T_0012938; 5900495352637; 59.85
19.09.2024 21:27:47; T_0014705; 5900495525185; 70.45
19.09.2024 21:27:47; T_0015223; 5900495598400; 84.45
19.09.2024 21:27:47; T_0015224; 5900495598417; 83.94
19.09.2024 21:27:47; T_0015225; 5900495598424; 84.95
19.09.2024 21:27:47; T_0015230; 5900495598455; 104.95
19.09.2024 21:27:47; T_01678; 5900495743466; 69.16
19.09.2024 21:27:47; RTV03586; 5900495853165; 114.95
19.09.2024 21:27:47; AS-LB7600; 5901741405145; 144.87
19.09.2024 21:27:47; AS-LC726B; 5901741417261; 172.45
19.09.2024 21:27:47; AS-LCTYPT; 5901741406845; 203.95
19.09.2024 21:27:47; AS-LD1250BN; 5901741412907; 83.42
19.09.2024 21:27:47; AS-LH2030AN; 5901741409037; 147.12
19.09.2024 21:27:47; AS-LH2030ANC; 5901741418725; 359.50
19.09.2024 21:27:47; AS-LH2031AN; 5901741414741; 147.12
19.09.2024 21:27:47; AS-LH2031ANC; 5901741418732; 310.95
19.09.2024 21:27:47; AS-LH2032AN; 5901741417568; 335.49
19.09.2024 21:27:47; AS-LH2032ANC; 5901741418749; 359.50
19.09.2024 21:27:47; AS-LH2033AN; 5901741417575; 147.12
19.09.2024 21:27:47; AS-LH2033ANC; 5901741418756; 310.95
19.09.2024 21:27:47; AS-LH250AN; 5901741400904; 296.74
19.09.2024 21:27:47; AS-LH2613A; 5901741400140; 117.36
19.09.2024 21:27:47; AS-LH280X; 5901741406555; 186.15
19.09.2024 21:27:47; AS-LH285XN; 5901741407262; 96.26
19.09.2024 21:27:47; AS-LH4096A; 5901741400546; 171.58
19.09.2024 21:27:47; AS-LH540A; 5901741401192; 173.43
19.09.2024 21:27:47; AS-LH541A; 5901741401215; 163.02
19.09.2024 21:27:47; AS-LH542A; 5901741401253; 163.02
19.09.2024 21:27:47; AS-LH543A; 5901741401239; 163.02
19.09.2024 21:27:47; AS-LHF237AN; 5901741415229; 444.26
19.09.2024 21:27:47; AS-LHF259AN; 5901741417667; 377.95
19.09.2024 21:27:47; AS-LHF259ANC; 5901741418763; 378.50
19.09.2024 21:27:47; AS-LHF259XN; 5901741417674; 496.95
19.09.2024 21:27:47; AS-LHF259XNC; 5901741418770; 498.50
19.09.2024 21:27:47; AS-LK450B; 5901741414789; 212.85
19.09.2024 21:27:47; AS-LK715B; 5901741414796; 435.48
19.09.2024 21:27:47; AS-LL24016; 5901741402267; 229.55
19.09.2024 21:27:47; AS-LL264B; 5901741414819; 140.01
19.09.2024 21:27:47; AS-LL360; 5901741404308; 487.22
19.09.2024 21:27:47; AS-LL360N; 5901741406173; 298.50
19.09.2024 21:27:47; AS-LL654BX; 5901741406838; 778.87
19.09.2024 21:27:47; AS-LLX654BX; 5901741409433; 782.51
19.09.2024 21:27:47; AS-LO310B; 5901741411818; 186.38
19.09.2024 21:27:47; AS-LO310C; 5901741411825; 198.03
19.09.2024 21:27:47; AS-LO310M; 5901741411832; 198.03
19.09.2024 21:27:47; AS-LO310Y; 5901741411849; 198.03
19.09.2024 21:27:47; AS-LO430BX; 5901741413089; 117.36
19.09.2024 21:27:47; AS-LO440XXL; 5901741414536; 273.56
19.09.2024 21:27:47; AS-LO532BXN; 5901741418237; 172.45
19.09.2024 21:27:47; AS-LO532CXN; 5901741418220; 172.45
19.09.2024 21:27:47; AS-LO532MXN; 5901741418213; 172.45
19.09.2024 21:27:47; AS-LO532YXN; 5901741418206; 172.45
19.09.2024 21:27:47; AS-LO6500; 5901741413898; 377.73
19.09.2024 21:27:47; AS-LO730A; 5901741414307; 433.92
19.09.2024 21:27:47; AS-LO8600B; 5901741414499; 251.47
19.09.2024 21:27:47; AS-LO8600M; 5901741414512; 251.47
19.09.2024 21:27:47; AS-LO8600Y; 5901741414529; 251.47
19.09.2024 21:27:47; AS-LR1230B; 5901741413096; 90.50
19.09.2024 21:27:47; AS-LS111LN; 5901741418244; 98.35
19.09.2024 21:27:47; AS-LS506C; 5901741413157; 366.15
19.09.2024 21:27:47; AS-LSH016; 5901741413126; 241.06
19.09.2024 21:27:47; Ti-LC54BXN; 5901741460830; 62.94
19.09.2024 21:27:47; Ti-LC54CXN; 5901741460847; 63.26
19.09.2024 21:27:47; Ti-LC54MXN; 5901741460854; 63.26
19.09.2024 21:27:47; Ti-LC54YXN; 5901741460861; 63.26
19.09.2024 21:27:47; Ti-LC731B; 5901741459643; 190.29
19.09.2024 21:27:47; Ti-LC731C; 5901741459650; 107.12
19.09.2024 21:27:47; Ti-LC731M; 5901741459667; 190.29
19.09.2024 21:27:47; Ti-LH1103AN; 5901741460571; 22.70
19.09.2024 21:27:47; Ti-LH2070AN; 5901741460601; 66.54
19.09.2024 21:27:47; Ti-LH2072AN; 5901741460625; 68.47
19.09.2024 21:27:47; Ti-LH2613X; 5901741454013; 102.20
19.09.2024 21:27:47; Ti-LH310AN; 5901741450633; 32.68
19.09.2024 21:27:47; Ti-LH311AN; 5901741451296; 35.02
19.09.2024 21:27:47; Ti-LH312AN; 5901741451463; 35.02
19.09.2024 21:27:47; Ti-LH313AN; 5901741451326; 35.02
19.09.2024 21:27:47; Ti-LH350AN; 5901741455300; 43.73
19.09.2024 21:27:47; Ti-LH353AN; 5901741457397; 43.73
19.09.2024 21:27:47; Ti-LH4182X; 5901741460298; 433.17
19.09.2024 21:27:47; Ti-LHF237AN; 5901741460878; 149.88
19.09.2024 21:27:47; Ti-LHF281XN; 5901741454143; 147.50
19.09.2024 21:27:47; Ti-LL654BX; 5901741452910; 472.04
19.09.2024 21:27:47; Ti-LLX654BX; 5901741459063; 466.76
19.09.2024 21:27:47; Ti-LO401N; 5901741457748; 26.25
19.09.2024 21:27:47; Ti-LO411N; 5901741459285; 30.82
19.09.2024 21:27:47; Ti-LO461N; 5901741460908; 36.99
19.09.2024 21:27:47; Ti-LO491N; 5901741460915; 47.39
19.09.2024 21:27:47; Ti-LS111LN; 5901741460441; 41.98
19.09.2024 21:27:47; Ti-LX106R01412; 5901741459742; 129.86
19.09.2024 21:27:47; AS-LC55BN; 5901741418572; 285.01
19.09.2024 21:27:47; AS-LK5150Y; 5901741418923; 216.78
19.09.2024 21:27:47; AS-LC55CN; 5901741418589; 285.01
19.09.2024 21:27:47; AS-LK5150C; 5901741418909; 216.78
19.09.2024 21:27:47; AS-LK5150M; 5901741418916; 216.78
19.09.2024 21:27:47; AS-LH2411AN; 5901741418114; 203.95
19.09.2024 21:27:47; AS-LH2412AN; 5901741418121; 203.95
19.09.2024 21:27:47; AS-LK5150B; 5901741418893; 242.80
19.09.2024 21:27:47; AS-LH8061X; 5901741400423; 183.55
19.09.2024 21:27:47; AS-LH2212AN; 5901741418046; 265.82
19.09.2024 21:27:47; AS-H903YXN; 5901741417919; 62.43
19.09.2024 21:27:47; AS-H935YXN; 5901741407606; 43.59
19.09.2024 21:27:47; AS-B3219YXN; 5901741419166; 45.60
19.09.2024 21:27:47; AS-H973BX; 5901741414987; 317.96
19.09.2024 21:27:47; AS-E101BN; 5901741418442; 45.79
19.09.2024 21:27:47; AS-H711YN; 5901741406081; 70.58
19.09.2024 21:27:47; AS-LO5600MN; 5901741412631; 56.00
19.09.2024 21:27:47; AS-B60BN; 5901741418527; 19.46
19.09.2024 21:27:47; AS-H920YXN; 5901741413447; 39.11
19.09.2024 21:27:47; AS-H711CN; 5901741406067; 70.58
19.09.2024 21:27:47; AS-H72GX; 5901741415281; 195.34
19.09.2024 21:27:47; AS-C102MBK; 5901741409983; 232.40
19.09.2024 21:27:47; AS-LM4650BK; 5901741410620; 311.83
19.09.2024 21:27:47; AS-LO5600YN; 5901741412648; 62.73
19.09.2024 21:27:47; AS-E6644YN; 5901741409617; 12.93
19.09.2024 21:27:47; AS-H912BX; 5901741418954; 125.27
19.09.2024 21:27:47; AS-H364XN; 5901741413409; 32.08
19.09.2024 21:27:47; AS-H973YXN; 5901741418015; 327.78
19.09.2024 21:27:47; AS-C107MN; 5901741415663; 195.11
19.09.2024 21:27:47; AS-H72BX; 5901741415243; 189.03
19.09.2024 21:27:47; AS-C102BK; 5901741409990; 232.40
19.09.2024 21:27:47; AS-E101CN; 5901741418459; 25.35
19.09.2024 21:27:47; AS-H301COLXL; 5901741404452; 108.22
19.09.2024 21:27:47; AS-E103YN; 5901741418435; 21.42
19.09.2024 21:27:47; AS-C551G; 5901741404988; 22.61
19.09.2024 21:27:47; AS-H963MX; 5901741419012; 123.10
19.09.2024 21:27:47; AS-H920MXN; 5901741413423; 39.11
19.09.2024 21:27:47; AS-E6641BN; 5901741409587; 12.93
19.09.2024 21:27:47; AS-H903BXN; 5901741417889; 102.15
19.09.2024 21:27:47; AS-H52MN; 5901741418312; 15.53
19.09.2024 21:27:47; AS-E6642CN; 5901741409594; 12.93
19.09.2024 21:27:47; AS-E103MN; 5901741418428; 21.42
19.09.2024 21:27:47; AS-E9454YXN; 5901741419104; 220.43
19.09.2024 21:27:47; AS-E103CN; 5901741418411; 21.42
19.09.2024 21:27:47; AS-H903MXN; 5901741417902; 62.43
19.09.2024 21:27:47; AS-H973CXN; 5901741417995; 327.78
19.09.2024 21:27:47; AS-H703COL; 5901741402830; 93.19
19.09.2024 21:27:47; AS-E9451BXN; 5901741419074; 220.43
19.09.2024 21:27:47; AS-LR41CXN; 5901741419043; 69.89
19.09.2024 21:27:47; AS-H913MN; 5901741417865; 224.01
19.09.2024 21:27:47; AS-H51BN; 5901741418305; 19.46
19.09.2024 21:27:47; AS-C107BN; 5901741415649; 195.11
19.09.2024 21:27:47; AS-E9452CXN; 5901741419081; 220.43
19.09.2024 21:27:47; AS-H963BX; 5901741418992; 125.51
19.09.2024 21:27:47; AS-H907BXN; 5901741417926; 123.66
19.09.2024 21:27:47; AS-H364MXN; 5901741414338; 32.08
19.09.2024 21:27:47; AS-LX106R01402; 5901741410323; 249.95
19.09.2024 21:27:47; AS-E603MXN; 5901741418169; 66.77
19.09.2024 21:27:47; AS-B5000MN; 5901741418497; 19.46
19.09.2024 21:27:47; AS-H953YXN; 5901741417964; 105.45
19.09.2024 21:27:47; AS-LB023DN; 5901741417544; 192.62
19.09.2024 21:27:47; AS-H72MX; 5901741415267; 189.03
19.09.2024 21:27:47; AS-E9453MXN; 5901741419098; 220.43
19.09.2024 21:27:47; AS-C102C; 5901741410002; 232.40
19.09.2024 21:27:47; AS-E101YN; 5901741418473; 25.35
19.09.2024 21:27:47; AS-H62BX; 5901741419265; 143.45
19.09.2024 21:27:47; AS-H913YN; 5901741417872; 224.01
19.09.2024 21:27:47; AS-H78D; 5901741402854; 103.95
19.09.2024 21:27:47; AS-C102M; 5901741410019; 232.40
19.09.2024 21:27:47; AS-H957BXN; 5901741417971; 177.42
19.09.2024 21:27:47; AS-E6643MN; 5901741409600; 12.93
19.09.2024 21:27:47; AS-H912CX; 5901741418961; 79.94
19.09.2024 21:27:47; AS-H72YX; 5901741415274; 189.03
19.09.2024 21:27:47; AS-H953CXN; 5901741417940; 88.97
19.09.2024 21:27:47; AS-H711BXN; 5901741406050; 76.31
19.09.2024 21:27:47; AS-C102Y; 5901741410026; 232.40
19.09.2024 21:27:47; AS-E603YXN; 5901741418176; 66.77
19.09.2024 21:27:47; AS-H913CN; 5901741417858; 224.01
19.09.2024 21:27:47; AS-E101MN; 5901741418466; 25.35
19.09.2024 21:27:47; AS-LO5600CN; 5901741412624; 50.00
19.09.2024 21:27:47; AS-B6000BN; 5901741418510; 34.20
19.09.2024 21:27:47; AS-C513CMYX; 5901741419258; 123.66
19.09.2024 21:27:47; AS-H913BKN; 5901741417841; 259.43
19.09.2024 21:27:47; AS-H963CX; 5901741419005; 123.10
19.09.2024 21:27:47; AS-LHF410B; 5901741413515; 304.14
19.09.2024 21:27:47; AS-H973MXN; 5901741418008; 327.78
19.09.2024 21:27:47; AS-LM4650Y; 5901741410637; 311.83
19.09.2024 21:27:47; AS-H72CX; 5901741415250; 195.34
19.09.2024 21:27:47; AS-B900BK; 5901741403127; 13.56
19.09.2024 21:27:47; AS-H973BXN; 5901741417988; 289.97
19.09.2024 21:27:47; AS-B5000CN; 5901741418480; 19.46
19.09.2024 21:27:47; AS-E603CXN; 5901741418152; 66.77
19.09.2024 21:27:47; AS-LR41MXN; 5901741419050; 69.89
19.09.2024 21:27:47; AS-H364CXN; 5901741414321; 32.08
19.09.2024 21:27:47; AS-B5000YN; 5901741418503; 19.46
19.09.2024 21:27:47; AS-H920CXN; 5901741413416; 39.11
19.09.2024 21:27:47; AS-H52YN; 5901741418329; 15.53
19.09.2024 21:27:47; AS-C107MBN; 5901741415670; 200.89
19.09.2024 21:27:47; AS-E7893N; 5901741409686; 52.88
19.09.2024 21:27:47; AS-E603BXN; 5901741418145; 72.49
19.09.2024 21:27:47; AS-H912MX; 5901741418978; 79.94
19.09.2024 21:27:47; AS-H963YX; 5901741419029; 123.10
19.09.2024 21:27:47; AS-H912YX; 5901741418985; 79.94
19.09.2024 21:27:47; AS-H300XLCOL; 5901741402588; 95.38
19.09.2024 21:27:47; AS-H52CN; 5901741418336; 15.53
19.09.2024 21:27:47; AS-H62CMYX; 5901741419272; 151.26
19.09.2024 21:27:47; AS-H901COLXL; 5901741402908; 94.70
19.09.2024 21:27:47; AS-E103BN; 5901741418404; 21.42
19.09.2024 21:27:47; AS-E405BXN; 5901741418268; 116.48
19.09.2024 21:27:47; AS-H903CXN; 5901741417896; 62.43
19.09.2024 21:27:47; AS-H364YXN; 5901741414345; 32.08
19.09.2024 21:27:47; AS-LX101R00474DN; 5901741418251; 126.60
19.09.2024 21:27:47; AS-LR41BXN; 5901741419036; 69.89
19.09.2024 21:27:47; AS-H953BXN; 5901741417933; 109.14
19.09.2024 21:27:47; AS-H72MBX; 5901741415236; 189.03
19.09.2024 21:27:47; AS-C107YN; 5901741415687; 190.77
19.09.2024 21:27:47; AS-H711MN; 5901741406074; 70.58
19.09.2024 21:27:47; AS-H652BXL; 5901741415984; 123.13
19.09.2024 21:27:47; AS-LR41YXN; 5901741419067; 69.89
19.09.2024 21:27:47; AS-H971XLYN; 5901741411917; 253.21
19.09.2024 21:27:47; AS-E405CXN; 5901741418275; 90.64
19.09.2024 21:27:47; AS-LD3760BN; 5901741414130; 170.25
19.09.2024 21:27:47; AS-H953MXN; 5901741417957; 105.45
19.09.2024 21:27:47; AS-C107CN; 5901741415656; 195.11
19.09.2024 21:27:47; AS-E405YXN; 5901741418299; 90.64
19.09.2024 21:27:47; AS-E405MXN; 5901741418282; 90.64
19.09.2024 21:27:47; AS-C490MN; 5901741419234; 14.74
19.09.2024 21:27:47; AS-C490CN; 5901741419227; 14.74
19.09.2024 21:27:47; AS-B3217YN; 5901741419203; 33.22
19.09.2024 21:27:47; AS-B3217CN; 5901741419180; 33.22
19.09.2024 21:27:47; AS-B3219CXN; 5901741419142; 45.60
19.09.2024 21:27:47; AS-B3219MXN; 5901741419159; 45.60
19.09.2024 21:27:47; AS-C490BN; 5901741419210; 14.74
19.09.2024 21:27:47; AS-LH2413AN; 5901741418138; 203.95
19.09.2024 21:27:47; AS-B3217BN; 5901741419173; 39.11
19.09.2024 21:27:47; AS-B3219BXN; 5901741419135; 53.23
19.09.2024 21:27:47; AS-B3217MN; 5901741419197; 33.22
19.09.2024 21:27:47; AS-C490YN; 5901741419241; 14.74
19.09.2024 21:27:47; AS-LL53B2H00; 5901741415939; 485.12
19.09.2024 21:27:47; AS-LH2410AN; 5901741418107; 203.95
19.09.2024 21:27:47; AS-LH2211AN; 5901741418039; 274.53
19.09.2024 21:27:47; AS-LH2210AN; 5901741418022; 260.26
19.09.2024 21:27:47; AS-LHF289AN; 5901741417681; 483.20
19.09.2024 21:27:47; AS-LH2213AN; 5901741418053; 244.73
19.09.2024 21:27:47; AS-H973MX; 5901741415007; 303.51
19.09.2024 21:27:47; AS-LH7551X; 5901741400379; 220.95
19.09.2024 21:27:47; AS-LC55MN; 5901741418596; 285.01
19.09.2024 21:27:47; AS-LC55YN; 5901741418602; 285.01
19.09.2024 21:27:47; AS-LC57N; 5901741418558; 300.93
19.09.2024 21:27:47; AS-LC57XN; 5901741418565; 428.34
19.09.2024 21:27:47; AS-H82B; 5901741419326; 31.05
19.09.2024 21:27:47; AS-B3239BXN; 5901741419333; 168.34
19.09.2024 21:27:47; AS-B3239CXN; 5901741419340; 160.25
19.09.2024 21:27:47; AS-B3239MXN; 5901741419357; 160.25
19.09.2024 21:27:47; AS-B3239YXN; 5901741419364; 160.25
19.09.2024 21:27:47; AS-LH2030XN; 5901741417582; 549.95
19.09.2024 21:27:47; AS-LH2031XN; 5901741417599; 449.95
19.09.2024 21:27:47; AS-LH2032XN; 5901741417605; 450.99
19.09.2024 21:27:47; AS-LH2033XN; 5901741417612; 449.95
19.09.2024 21:27:47; AS-LX101R00555D; 5901741419456; 241.23
19.09.2024 21:27:47; AS-LB3400DN; 5901741413324; 137.99
19.09.2024 21:27:47; AS-C104MN; 5901741419463; 232.40
19.09.2024 21:27:47; AS-E9661BN; 5901741419449; 622.27
19.09.2024 21:27:47; AS-E7741BN; 5901741419470; 22.29
19.09.2024 21:27:47; AS-E6731BN; 5901741419487; 18.55
19.09.2024 21:27:47; AS-E6733MN; 5901741419500; 18.55
19.09.2024 21:27:47; AS-E6732CN; 5901741419494; 18.55
19.09.2024 21:27:47; AS-E6734YN; 5901741419517; 18.55
19.09.2024 21:27:47; AS-E6735LCN; 5901741419524; 18.55
19.09.2024 21:27:47; AS-E6736LMN; 5901741419531; 18.55
19.09.2024 21:27:47; AS-LHF289XN; 5901741417698; 724.58
19.09.2024 21:27:47; AS-LH1350AN; 5901741419395; 200.32
19.09.2024 21:27:47; AS-LH1350XN; 5901741419401; 253.01
19.09.2024 21:27:47; AS-LM321BN; 5901741419630; 167.22
19.09.2024 21:27:47; AS-LM321CN; 5901741419647; 221.09
19.09.2024 21:27:47; AS-LM321MN; 5901741419654; 221.09
19.09.2024 21:27:47; AS-LM321YN; 5901741419661; 221.09
19.09.2024 21:27:47; Ti-LH6000A; 5901741458448; 163.02
19.09.2024 21:27:47; Ti-LO410DN; 5901741460892; 160.80
19.09.2024 21:27:47; Ti-LB3400DN; 5901741460717; 61.57
19.09.2024 21:27:47; Ti-LS116DN; 5901741460922; 55.95
19.09.2024 21:27:47; Ti-LH6001A; 5901741459582; 163.02
19.09.2024 21:27:47; Ti-LH6002A; 5901741459599; 163.02
19.09.2024 21:27:47; Ti-LHF259XN; 5901741461004; 243.25
19.09.2024 21:27:47; Ti-LB1030DN; 5901741457274; 41.89
19.09.2024 21:27:47; Ti-LB1090DN; 5901741460816; 43.90
19.09.2024 21:27:47; Ti-LL50F0Z00DN; 5901741460885; 184.25
19.09.2024 21:27:47; Ti-LH6003A; 5901741459605; 167.14
19.09.2024 21:27:47; Ti-LB2100DN; 5901741460823; 58.24
19.09.2024 21:27:47; Ti-LH2030AN; 5901741461592; 197.45
19.09.2024 21:27:47; Ti-LH2031AN; 5901741461608; 279.43
19.09.2024 21:27:47; Ti-LH2032AN; 5901741461615; 296.13
19.09.2024 21:27:47; Ti-LH2033AN; 5901741461622; 296.13
19.09.2024 21:27:47; Ti-LC55BN; 5901741461509; 269.12
19.09.2024 21:27:47; Ti-LC55CN; 5901741461516; 269.12
19.09.2024 21:27:47; Ti-LC55MN; 5901741461523; 269.12
19.09.2024 21:27:47; Ti-LC55YN; 5901741461530; 269.12
19.09.2024 21:27:47; Ti-LHF259AN; 5901741460984; 239.80
19.09.2024 21:27:47; Ti-LHF289XN; 5901741461684; 413.46
19.09.2024 21:27:47; Ti-LH1350XN; 5901741461578; 159.38
19.09.2024 21:27:47; Ti-LH1350AN; 5901741461561; 97.98
19.09.2024 21:27:47; Ti-LH2033XN; 5901741461660; 340.41
19.09.2024 21:27:47; Ti-LH2030XN; 5901741461639; 322.04
19.09.2024 21:27:47; Ti-LH2032XN; 5901741461653; 340.41
19.09.2024 21:27:47; Ti-LH2031XN; 5901741461646; 340.41
19.09.2024 21:27:47; Ti-LHF289AN; 5901741461677; 313.83
19.09.2024 21:27:47; ; ; 0.00
19.09.2024 21:27:47; ; ; 0.00
19.09.2024 21:27:47; ; ; 0.00
19.09.2024 21:27:47; ; ; 0.00
19.09.2024 21:27:47; ZKL-TK3160NP; 5902751202014; 48.48
19.09.2024 21:27:47; ZBL-TN1030NP; 5901821315395; 22.43
19.09.2024 21:27:47; ZBL-TN2421NP; 5902751204667; 34.58
19.09.2024 21:27:47; TN1030; 4977766721745; 206.66
19.09.2024 21:27:47; ZHL-CF244ANP; 5902751205978; 29.91
19.09.2024 21:27:47; CZ101AE; 886112545987; 73.89
